{"file:///d%3A/flyway/WeClean-Web/weclean-web-service/target/maven-archiver/pom.properties":{"language":"Java Properties","code":3,"comment":0,"blank":1},"file:///d%3A/flyway/WeClean-Web/weclean-web-service/src/main/resources/application.yml":{"language":"YAML","code":12,"comment":0,"blank":1},"file:///d%3A/flyway/WeClean-Web/weclean-web-service/src/main/resources/application-dev_phase2.yml":{"language":"YAML","code":25,"comment":0,"blank":2},"file:///d%3A/flyway/WeClean-Web/weclean-web-service/src/main/resources/application-dev.yml":{"language":"YAML","code":42,"comment":0,"blank":2},"file:///d%3A/flyway/WeClean-Web/weclean-web-service/src/main/resources/templates/ordersummary.html":{"language":"HTML","code":133,"comment":28,"blank":10},"file:///d%3A/flyway/WeClean-Web/weclean-web-controller/pom.xml":{"language":"XML","code":18,"comment":16,"blank":0},"file:///d%3A/flyway/WeClean-Web/weclean-web-service/pom.xml":{"language":"XML","code":54,"comment":1,"blank":1},"file:///d%3A/flyway/WeClean-Web/weclean-web-controller/target/maven-archiver/pom.properties":{"language":"Java Properties","code":3,"comment":0,"blank":1},"file:///d%3A/flyway/WeClean-Web/weclean-web-service/src/main/resources/application-prod.yml":{"language":"YAML","code":25,"comment":0,"blank":0},"file:///d%3A/flyway/WeClean-Web/weclean-web-service/src/main/resources/application-uat.yml":{"language":"YAML","code":25,"comment":0,"blank":1},"file:///d%3A/flyway/WeClean-Web/weclean-web-repository/target/maven-archiver/pom.properties":{"language":"Java Properties","code":3,"comment":0,"blank":1},"file:///d%3A/flyway/WeClean-Web/weclean-web-model/target/maven-archiver/pom.properties":{"language":"Java Properties","code":3,"comment":0,"blank":1},"file:///d%3A/flyway/WeClean-Web/weclean-web-controller/src/main/java/com/isolve/web/controller/ApplicationController.java":{"language":"Java","code":13,"comment":0,"blank":5},"file:///d%3A/flyway/WeClean-Web/weclean-web-controller/src/main/java/com/isolve/web/controller/AssignParamedicBioDiaController.java":{"language":"Java","code":149,"comment":0,"blank":20},"file:///d%3A/flyway/WeClean-Web/weclean-web-controller/src/main/java/com/isolve/web/controller/RepeatCollectionController.java":{"language":"Java","code":82,"comment":0,"blank":12},"file:///d%3A/flyway/WeClean-Web/weclean-web-controller/src/main/java/com/isolve/web/controller/ProfileApprovalController.java":{"language":"Java","code":59,"comment":0,"blank":9},"file:///d%3A/flyway/WeClean-Web/weclean-web-controller/src/main/java/com/isolve/web/controller/PreRegistrationDetailsController.java":{"language":"Java","code":74,"comment":0,"blank":12},"file:///d%3A/flyway/WeClean-Web/weclean-web-controller/openapi.json":{"language":"JSON","code":452,"comment":300,"blank":1},"file:///d%3A/flyway/WeClean-Web/weclean-web-controller/src/main/java/com/isolve/web/controller/ReportController.java":{"language":"Java","code":189,"comment":0,"blank":21},"file:///d%3A/flyway/WeClean-Web/weclean-web-controller/src/main/java/com/isolve/web/controller/MasterController.java":{"language":"Java","code":2699,"comment":10,"blank":228},"file:///d%3A/flyway/WeClean-Web/weclean-web-controller/src/main/java/com/isolve/web/controller/RoleManagementController.java":{"language":"Java","code":110,"comment":0,"blank":12},"file:///d%3A/flyway/WeClean-Web/weclean-web-controller/src/main/java/com/isolve/web/controller/RosterParamedicController.java":{"language":"Java","code":122,"comment":0,"blank":20},"file:///d%3A/flyway/WeClean-Web/weclean-web-controller/src/main/java/com/isolve/web/controller/OderController.java":{"language":"Java","code":96,"comment":0,"blank":24},"file:///d%3A/flyway/WeClean-Web/weclean-web-service/src/main/java/com/isolve/web/service/RepeatCollectionServiceImpl.java":{"language":"Java","code":54,"comment":0,"blank":14},"file:///d%3A/flyway/WeClean-Web/weclean-web-service/src/main/java/com/isolve/web/service/RepeatSampleInitiateServiceImpl.java":{"language":"Java","code":50,"comment":0,"blank":12},"file:///d%3A/flyway/WeClean-Web/weclean-web-controller/src/main/java/com/isolve/web/controller/BioBankController.java":{"language":"Java","code":82,"comment":0,"blank":18},"file:///d%3A/flyway/WeClean-Web/weclean-web-controller/src/main/java/com/isolve/web/controller/UserManagementController.java":{"language":"Java","code":40,"comment":0,"blank":7},"file:///d%3A/flyway/WeClean-Web/weclean-web-service/src/main/java/com/isolve/web/service/ValidateTokenServiceImpl.java":{"language":"Java","code":25,"comment":0,"blank":8},"file:///d%3A/flyway/WeClean-Web/weclean-web-service/src/main/java/com/isolve/web/service/PreRegistrationServiceImpl.java":{"language":"Java","code":91,"comment":0,"blank":38},"file:///d%3A/flyway/WeClean-Web/weclean-web-service/src/main/java/com/isolve/web/service/RepeatCollectionActionServiceImpl.java":{"language":"Java","code":54,"comment":0,"blank":11},"file:///d%3A/flyway/WeClean-Web/weclean-web-service/src/main/java/com/isolve/web/service/UserPendingApprovalServiceImpl.java":{"language":"Java","code":53,"comment":0,"blank":12},"file:///d%3A/flyway/WeClean-Web/weclean-web-service/src/main/java/com/isolve/web/service/OrderServiceImpl.java":{"language":"Java","code":223,"comment":2,"blank":37},"file:///d%3A/flyway/WeClean-Web/weclean-web-service/src/main/java/com/isolve/web/service/RosterParamedicServiceImpl.java":{"language":"Java","code":179,"comment":0,"blank":24},"file:///d%3A/flyway/WeClean-Web/weclean-web-service/src/main/java/com/isolve/web/service/ReceiveSampleActionServiceImpl.java":{"language":"Java","code":51,"comment":0,"blank":10},"file:///d%3A/flyway/WeClean-Web/weclean-web-service/src/main/java/com/isolve/web/service/UserApproveRejectServiceImpl.java":{"language":"Java","code":52,"comment":0,"blank":14},"file:///d%3A/flyway/WeClean-Web/weclean-web-service/src/main/java/com/isolve/web/service/UserManagementServiceImpl.java":{"language":"Java","code":51,"comment":0,"blank":14},"file:///d%3A/flyway/WeClean-Web/weclean-web-service/src/main/java/com/isolve/web/service/RoleManagementServiceImpl.java":{"language":"Java","code":165,"comment":0,"blank":17},"file:///d%3A/flyway/WeClean-Web/weclean-web-controller/src/main/java/com/isolve/web/controller/LabTransferController.java":{"language":"Java","code":130,"comment":0,"blank":18},"file:///d%3A/flyway/WeClean-Web/weclean-web-service/src/main/java/com/isolve/web/service/MasterServiceImpl.java.rej":{"language":"Diff","code":18,"comment":0,"blank":1},"file:///d%3A/flyway/WeClean-Web/weclean-web-service/src/main/java/com/isolve/web/service/MasterServiceImpl.java":{"language":"Java","code":4792,"comment":19,"blank":445},"file:///d%3A/flyway/WeClean-Web/weclean-web-service/src/main/java/com/isolve/web/service/LabTransferServiceImpl.java":{"language":"Java","code":185,"comment":1,"blank":28},"file:///d%3A/flyway/WeClean-Web/weclean-web-service/src/main/java/com/isolve/web/service/BioDiaAssignServiceImpl.java":{"language":"Java","code":212,"comment":8,"blank":30},"file:///d%3A/flyway/WeClean-Web/weclean-web-repository/pom.xml":{"language":"XML","code":16,"comment":0,"blank":1},"file:///d%3A/flyway/WeClean-Web/weclean-web-model/pom.xml":{"language":"XML","code":9,"comment":16,"blank":0},"file:///d%3A/flyway/WeClean-Web/weclean-web-service/src/main/java/com/isolve/web/service/ReportServiceImpl.java":{"language":"Java","code":283,"comment":3,"blank":55},"file:///d%3A/flyway/WeClean-Web/weclean-web-repository/src/main/java/com/isolve/web/repository/UserPendingApprovalRepositoryImpl.java":{"language":"Java","code":41,"comment":4,"blank":9},"file:///d%3A/flyway/WeClean-Web/weclean-web-repository/src/main/java/com/isolve/web/repository/ValidateTokenRepository.java":{"language":"Java","code":34,"comment":2,"blank":10},"file:///d%3A/flyway/WeClean-Web/weclean-web-service/src/main/java/com/isolve/web/service/BioBankServiceImpl.java":{"language":"Java","code":52,"comment":1,"blank":15},"file:///d%3A/flyway/WeClean-Web/weclean-web-service/src/main/java/com/isolve/web/service/BioReceiveServiceImpl.java":{"language":"Java","code":50,"comment":1,"blank":10},"file:///d%3A/flyway/WeClean-Web/weclean-web-repository/src/main/java/com/isolve/web/repository/UserManagementRepositoryImpl.java":{"language":"Java","code":68,"comment":1,"blank":13},"file:///d%3A/flyway/WeClean-Web/weclean-web-repository/src/main/java/com/isolve/web/repository/RosterParamedicRepositoryImpl.java":{"language":"Java","code":229,"comment":1,"blank":35},"file:///d%3A/flyway/WeClean-Web/weclean-web-repository/src/main/java/com/isolve/web/repository/RoleManagementRepositoryImpl.java":{"language":"Java","code":260,"comment":8,"blank":36},"file:///d%3A/flyway/WeClean-Web/weclean-web-repository/src/main/java/com/isolve/web/repository/UserApproveRejectRepositoryImpl.java":{"language":"Java","code":45,"comment":0,"blank":9},"file:///d%3A/flyway/WeClean-Web/weclean-web-repository/src/main/java/com/isolve/web/repository/ReportRepositoryImpl.java":{"language":"Java","code":516,"comment":13,"blank":73},"file:///d%3A/flyway/WeClean-Web/weclean-web-repository/src/main/java/com/isolve/web/repository/RepeatSampleInitiateRepositoryImpl.java":{"language":"Java","code":58,"comment":3,"blank":10},"file:///d%3A/flyway/WeClean-Web/weclean-web-repository/src/main/java/com/isolve/web/repository/MasterRepositoryImpl.java":{"language":"Java","code":11774,"comment":499,"blank":1191},"file:///d%3A/flyway/WeClean-Web/weclean-web-repository/src/main/java/com/isolve/web/repository/RepeatCollectionActionRespositoryImpl.java":{"language":"Java","code":38,"comment":0,"blank":9},"file:///d%3A/flyway/WeClean-Web/weclean-web-repository/src/main/java/com/isolve/web/repository/ReceiveSampleActionRepositoryImpl.java":{"language":"Java","code":64,"comment":1,"blank":13},"file:///d%3A/flyway/WeClean-Web/weclean-web-repository/src/main/java/com/isolve/web/repository/RepeatCollectionRepositoryImpl.java":{"language":"Java","code":47,"comment":1,"blank":12},"file:///d%3A/flyway/WeClean-Web/weclean-web-repository/src/main/java/com/isolve/web/repository/OrderRepositoryImpl.java":{"language":"Java","code":206,"comment":6,"blank":50},"file:///d%3A/flyway/WeClean-Web/weclean-web-repository/src/main/java/com/isolve/web/repository/BioReceiveRepositoryImpl.java":{"language":"Java","code":60,"comment":2,"blank":12},"file:///d%3A/flyway/WeClean-Web/weclean-web-application/target/maven-archiver/pom.properties":{"language":"Java Properties","code":3,"comment":0,"blank":1},"file:///d%3A/flyway/WeClean-Web/weclean-web-repository/src/main/java/com/isolve/web/repository/LabTransferRepositoryImpl.java":{"language":"Java","code":269,"comment":5,"blank":31},"file:///d%3A/flyway/WeClean-Web/weclean-web-model/src/main/java/com/isolve/web/utils/Utils.java":{"language":"Java","code":602,"comment":140,"blank":100},"file:///d%3A/flyway/WeClean-Web/weclean-web-repository/src/main/java/com/isolve/web/repository/BioDiaAssignRepositoryImpl.java":{"language":"Java","code":401,"comment":6,"blank":50},"file:///d%3A/flyway/WeClean-Web/weclean-web-model/src/main/java/com/isolve/web/service/IValidateTokenService.java":{"language":"Java","code":5,"comment":0,"blank":5},"file:///d%3A/flyway/WeClean-Web/weclean-web-model/src/main/java/com/isolve/web/service/IUserPendingApprovalService.java":{"language":"Java","code":6,"comment":0,"blank":5},"file:///d%3A/flyway/WeClean-Web/weclean-web-model/src/main/java/com/isolve/web/service/IUserApproveRejectService.java":{"language":"Java","code":6,"comment":0,"blank":5},"file:///d%3A/flyway/WeClean-Web/weclean-web-model/src/main/java/com/isolve/web/service/IUserManagementService.java":{"language":"Java","code":6,"comment":0,"blank":7},"file:///d%3A/flyway/WeClean-Web/weclean-web-model/src/main/java/com/isolve/web/service/IRosterParamedicService.java":{"language":"Java","code":13,"comment":0,"blank":11},"file:///d%3A/flyway/WeClean-Web/weclean-web-model/src/main/java/com/isolve/web/utils/CommonConstants.java":{"language":"Java","code":612,"comment":243,"blank":286},"file:///d%3A/flyway/WeClean-Web/weclean-web-model/src/main/java/com/isolve/web/repository/IValidateTokenRepository.java":{"language":"Java","code":5,"comment":0,"blank":5},"file:///d%3A/flyway/WeClean-Web/weclean-web-model/src/main/java/com/isolve/web/repository/IUserPendingApprovalRepository.java":{"language":"Java","code":7,"comment":0,"blank":5},"file:///d%3A/flyway/WeClean-Web/weclean-web-model/src/main/java/com/isolve/web/repository/IUserManagementRepository.java":{"language":"Java","code":8,"comment":0,"blank":10},"file:///d%3A/flyway/WeClean-Web/weclean-web-model/src/main/java/com/isolve/web/repository/IUserApproveRejectRepository.java":{"language":"Java","code":8,"comment":0,"blank":6},"file:///d%3A/flyway/WeClean-Web/weclean-web-model/src/main/java/com/isolve/web/repository/IRosterParamedicRepository.java":{"language":"Java","code":16,"comment":0,"blank":12},"file:///d%3A/flyway/WeClean-Web/weclean-web-repository/src/main/java/com/isolve/web/repository/BioBankRepositoryImpl.java":{"language":"Java","code":47,"comment":0,"blank":10},"file:///d%3A/flyway/WeClean-Web/weclean-web-model/src/main/java/com/isolve/web/repository/IRepeatSampleInitiateRepository.java":{"language":"Java","code":9,"comment":0,"blank":4},"file:///d%3A/flyway/WeClean-Web/weclean-web-model/src/main/java/com/isolve/web/repository/IRepeatCollectionRepository.java":{"language":"Java","code":9,"comment":0,"blank":4},"file:///d%3A/flyway/WeClean-Web/weclean-web-model/src/main/java/com/isolve/web/repository/IRepeatCollectionActionRespository.java":{"language":"Java","code":8,"comment":0,"blank":4},"file:///d%3A/flyway/WeClean-Web/weclean-web-model/src/main/java/com/isolve/web/repository/IReceiveSampleActionRepository.java":{"language":"Java","code":6,"comment":0,"blank":6},"file:///d%3A/flyway/WeClean-Web/weclean-web-model/src/main/java/com/isolve/web/utils/MyObject.java":{"language":"Java","code":24,"comment":7,"blank":9},"file:///d%3A/flyway/WeClean-Web/weclean-web-model/src/main/java/com/isolve/web/repository/IRoleManagementRepository.java":{"language":"Java","code":14,"comment":0,"blank":9},"file:///d%3A/flyway/WeClean-Web/weclean-web-model/src/main/java/com/isolve/web/repository/IReportRepository.java":{"language":"Java","code":20,"comment":0,"blank":21},"file:///d%3A/flyway/WeClean-Web/weclean-web-model/src/main/java/com/isolve/web/repository/IPreRegistrationRepository.java":{"language":"Java","code":11,"comment":0,"blank":8},"file:///d%3A/flyway/WeClean-Web/weclean-web-model/src/main/java/com/isolve/web/repository/IBioReceiveRepository.java":{"language":"Java","code":8,"comment":0,"blank":4},"file:///d%3A/flyway/WeClean-Web/weclean-web-model/src/main/java/com/isolve/web/repository/IOrderRepository.java":{"language":"Java","code":76,"comment":0,"blank":9},"file:///d%3A/flyway/WeClean-Web/weclean-web-model/src/main/java/com/isolve/web/repository/IBioBankRepository.java":{"language":"Java","code":8,"comment":0,"blank":5},"file:///d%3A/flyway/WeClean-Web/weclean-web-model/src/main/java/com/isolve/web/service/IRoleManagementService.java":{"language":"Java","code":11,"comment":0,"blank":11},"file:///d%3A/flyway/WeClean-Web/weclean-web-model/src/main/java/com/isolve/web/service/IReportService.java":{"language":"Java","code":16,"comment":0,"blank":15},"file:///d%3A/flyway/WeClean-Web/weclean-web-model/src/main/java/com/isolve/web/service/IRepeatSampleInitiateService.java":{"language":"Java","code":7,"comment":0,"blank":3},"file:///d%3A/flyway/WeClean-Web/weclean-web-model/src/main/java/com/isolve/web/service/IRepeatCollectionService.java":{"language":"Java","code":7,"comment":0,"blank":3},"file:///d%3A/flyway/WeClean-Web/weclean-web-model/src/main/java/com/isolve/web/service/IRepeatCollectionActionService.java":{"language":"Java","code":6,"comment":0,"blank":5},"file:///d%3A/flyway/WeClean-Web/weclean-web-model/src/main/java/com/isolve/web/service/IReceiveSampleActionService.java":{"language":"Java","code":7,"comment":0,"blank":3},"file:///d%3A/flyway/WeClean-Web/weclean-web-model/src/main/java/com/isolve/web/service/IPreRegistrationDetailsService.java":{"language":"Java","code":8,"comment":0,"blank":8},"file:///d%3A/flyway/WeClean-Web/weclean-web-model/src/main/java/com/isolve/web/service/IOrderSevice.java":{"language":"Java","code":11,"comment":0,"blank":11},"file:///d%3A/flyway/WeClean-Web/weclean-web-model/src/main/java/com/isolve/web/repository/IMasterRepository.java":{"language":"Java","code":262,"comment":0,"blank":208},"file:///d%3A/flyway/WeClean-Web/weclean-web-model/src/main/java/com/isolve/web/service/ILabTransferService.java":{"language":"Java","code":12,"comment":0,"blank":17},"file:///d%3A/flyway/WeClean-Web/weclean-web-model/src/main/java/com/isolve/web/service/IBioReceiveService.java":{"language":"Java","code":6,"comment":0,"blank":5},"file:///d%3A/flyway/WeClean-Web/weclean-web-model/src/main/java/com/isolve/web/service/IBioDiaAssignService.java":{"language":"Java","code":14,"comment":0,"blank":10},"file:///d%3A/flyway/WeClean-Web/weclean-web-model/src/main/java/com/isolve/web/service/IBioBankService.java":{"language":"Java","code":7,"comment":0,"blank":3},"file:///d%3A/flyway/WeClean-Web/weclean-web-model/src/main/java/com/isolve/web/service/IMasterSevice.java":{"language":"Java","code":186,"comment":0,"blank":191},"file:///d%3A/flyway/WeClean-Web/weclean-web-application/src/main/resources/logback-spring.xml":{"language":"XML","code":37,"comment":3,"blank":7},"file:///d%3A/flyway/WeClean-Web/weclean-web-model/src/main/java/com/isolve/web/model/Branddetails.java":{"language":"Java","code":20,"comment":3,"blank":10},"file:///d%3A/flyway/WeClean-Web/weclean-web-model/src/main/java/com/isolve/web/model/AutomaticProcessReqModel.java":{"language":"Java","code":13,"comment":3,"blank":6},"file:///d%3A/flyway/WeClean-Web/weclean-web-model/src/main/java/com/isolve/web/model/BioBankReceiveSampleModel.java":{"language":"Java","code":19,"comment":0,"blank":5},"file:///d%3A/flyway/WeClean-Web/weclean-web-model/src/main/java/com/isolve/web/model/AutomaticProcessModel.java":{"language":"Java","code":16,"comment":3,"blank":7},"file:///d%3A/flyway/WeClean-Web/weclean-web-model/src/main/java/com/isolve/web/repository/IBioDiaAssignRepository.java":{"language":"Java","code":23,"comment":0,"blank":11},"file:///d%3A/flyway/WeClean-Web/weclean-web-model/src/main/java/com/isolve/web/repository/ILabTransferRepository.java":{"language":"Java","code":17,"comment":0,"blank":18},"file:///d%3A/flyway/WeClean-Web/weclean-web-model/src/main/java/com/isolve/web/model/AppUsageStatusReportRequestModel.java":{"language":"Java","code":17,"comment":3,"blank":7},"file:///d%3A/flyway/WeClean-Web/weclean-web-model/src/main/java/com/isolve/web/model/ApprovalsDetResModel.java":{"language":"Java","code":14,"comment":3,"blank":6},"file:///d%3A/flyway/WeClean-Web/weclean-web-model/src/main/java/com/isolve/web/model/ApprovalActionImagePathResModel.java":{"language":"Java","code":18,"comment":3,"blank":9},"file:///d%3A/flyway/WeClean-Web/weclean-web-model/src/main/java/com/isolve/web/model/BioBankResponseModel.java":{"language":"Java","code":30,"comment":3,"blank":5},"file:///d%3A/flyway/WeClean-Web/weclean-web-model/src/main/java/com/isolve/web/model/BrandMasterNewReqModel.java":{"language":"Java","code":22,"comment":3,"blank":7},"file:///d%3A/flyway/WeClean-Web/weclean-web-application/pom.xml":{"language":"XML","code":50,"comment":0,"blank":0},"file:///d%3A/flyway/WeClean-Web/weclean-web-model/src/main/java/com/isolve/web/model/HospitalstatecityModel.java":{"language":"Java","code":13,"comment":0,"blank":8},"file:///d%3A/flyway/WeClean-Web/weclean-web-model/src/main/java/com/isolve/web/model/AppovalActionResModel.java":{"language":"Java","code":16,"comment":3,"blank":8},"file:///d%3A/flyway/WeClean-Web/weclean-web-model/src/main/java/com/isolve/web/model/AssignParamedicRequestModel.java":{"language":"Java","code":32,"comment":3,"blank":8},"file:///d%3A/flyway/WeClean-Web/weclean-web-model/src/main/java/com/isolve/web/model/EmailResponseModel.java":{"language":"Java","code":16,"comment":3,"blank":6},"file:///d%3A/flyway/WeClean-Web/weclean-web-model/src/main/java/com/isolve/web/model/AppovalActionStausResModel.java":{"language":"Java","code":27,"comment":5,"blank":14},"file:///d%3A/flyway/WeClean-Web/weclean-web-model/src/main/java/com/isolve/web/model/Imagedetails.java":{"language":"Java","code":19,"comment":2,"blank":9},"file:///d%3A/flyway/WeClean-Web/weclean-web-model/src/main/java/com/isolve/web/model/GrommingstandardsReqModel.java":{"language":"Java","code":29,"comment":2,"blank":6},"file:///d%3A/flyway/WeClean-Web/weclean-web-model/src/main/java/com/isolve/web/model/DoctorHospitalMappingReqModel.java":{"language":"Java","code":15,"comment":0,"blank":9},"file:///d%3A/flyway/WeClean-Web/weclean-web-model/src/main/java/com/isolve/web/model/DoctorHospitalMappingModel.java":{"language":"Java","code":13,"comment":0,"blank":9},"file:///d%3A/flyway/WeClean-Web/weclean-web-model/src/main/java/com/isolve/web/model/DispatchDetailsReqModel.java":{"language":"Java","code":12,"comment":3,"blank":7},"file:///d%3A/flyway/WeClean-Web/weclean-web-model/src/main/java/com/isolve/web/model/DoctorDetailsReqModel.java":{"language":"Java","code":27,"comment":0,"blank":11},"file:///d%3A/flyway/WeClean-Web/weclean-web-model/src/main/java/com/isolve/web/model/DeliveryModeReqModel.java":{"language":"Java","code":12,"comment":3,"blank":5},"file:///d%3A/flyway/WeClean-Web/weclean-web-model/src/main/java/com/isolve/web/model/DeleteRosterRequestModel.java":{"language":"Java","code":16,"comment":3,"blank":7},"file:///d%3A/flyway/WeClean-Web/weclean-web-model/src/main/java/com/isolve/web/model/DispatchDetailsRequestModel.java":{"language":"Java","code":28,"comment":3,"blank":8},"file:///d%3A/flyway/WeClean-Web/weclean-web-model/src/main/java/com/isolve/web/model/DamagedetailsModel.java":{"language":"Java","code":21,"comment":2,"blank":10},"file:///d%3A/flyway/WeClean-Web/weclean-web-model/src/main/java/com/isolve/web/model/DamageMasterNewReqModel.java":{"language":"Java","code":22,"comment":3,"blank":5},"file:///d%3A/flyway/WeClean-Web/weclean-web-model/src/main/java/com/isolve/web/config/WebSecurityConfig.java":{"language":"Java","code":16,"comment":12,"blank":3},"file:///d%3A/flyway/WeClean-Web/weclean-web-model/src/main/java/com/isolve/web/model/Damagedetails.java":{"language":"Java","code":17,"comment":2,"blank":6},"file:///d%3A/flyway/WeClean-Web/weclean-web-model/src/main/java/com/isolve/web/model/DamageCommondetails.java":{"language":"Java","code":15,"comment":2,"blank":7},"file:///d%3A/flyway/WeClean-Web/weclean-web-model/src/main/java/com/isolve/web/model/CourierMasterResponseModel.java":{"language":"Java","code":16,"comment":0,"blank":4},"file:///d%3A/flyway/WeClean-Web/weclean-web-model/src/main/java/com/isolve/web/config/RequestFilter.java":{"language":"Java","code":69,"comment":1,"blank":20},"file:///d%3A/flyway/WeClean-Web/weclean-web-model/src/main/java/com/isolve/web/model/CourierMasterRequestModel.java":{"language":"Java","code":13,"comment":3,"blank":4},"file:///d%3A/flyway/WeClean-Web/weclean-web-model/src/main/java/com/isolve/web/model/ConfigurationSmsModel.java":{"language":"Java","code":20,"comment":3,"blank":4},"file:///d%3A/flyway/WeClean-Web/weclean-web-model/src/main/java/com/isolve/web/model/ConfigurationResponseModel.java":{"language":"Java","code":19,"comment":3,"blank":6},"file:///d%3A/flyway/WeClean-Web/weclean-web-model/src/main/java/com/isolve/web/model/CustomerDetailsReqModel.java":{"language":"Java","code":35,"comment":3,"blank":5},"file:///d%3A/flyway/WeClean-Web/weclean-web-model/src/main/java/com/isolve/web/model/ConfigurationModel.java":{"language":"Java","code":14,"comment":3,"blank":6},"file:///d%3A/flyway/WeClean-Web/weclean-web-model/src/main/java/com/isolve/web/model/ComplaintsReqModel.java":{"language":"Java","code":17,"comment":3,"blank":5},"file:///d%3A/flyway/WeClean-Web/weclean-web-model/src/main/java/com/isolve/web/model/ImagedetailsModel.java":{"language":"Java","code":19,"comment":2,"blank":11},"file:///d%3A/flyway/WeClean-Web/weclean-web-model/src/main/java/com/isolve/web/model/Colordetails.java":{"language":"Java","code":21,"comment":2,"blank":10},"file:///d%3A/flyway/WeClean-Web/weclean-web-model/src/main/java/com/isolve/web/model/ColourMasterNewReqModel.java":{"language":"Java","code":23,"comment":3,"blank":6},"file:///d%3A/flyway/WeClean-Web/weclean-web-model/src/main/java/com/isolve/web/model/CollectItemDetailsModelinsp.java":{"language":"Java","code":31,"comment":3,"blank":7},"file:///d%3A/flyway/WeClean-Web/weclean-web-model/src/main/java/com/isolve/web/model/ChatUserReqModel.java":{"language":"Java","code":19,"comment":3,"blank":4},"file:///d%3A/flyway/WeClean-Web/weclean-web-model/src/main/java/com/isolve/web/model/CollectItemDetailsModel.java":{"language":"Java","code":31,"comment":3,"blank":7},"file:///d%3A/flyway/WeClean-Web/weclean-web-model/src/main/java/com/isolve/web/model/ChallanMasterReqModel.java":{"language":"Java","code":19,"comment":3,"blank":6},"file:///d%3A/flyway/WeClean-Web/weclean-web-model/src/main/java/com/isolve/web/model/CollectItemDamageDetailsModel.java":{"language":"Java","code":29,"comment":3,"blank":8},"file:///d%3A/flyway/WeClean-Web/weclean-web-model/src/main/java/com/isolve/web/model/CancelReasonResponseModel.java":{"language":"Java","code":16,"comment":0,"blank":4},"file:///d%3A/flyway/WeClean-Web/weclean-web-model/src/main/java/com/isolve/web/model/CompanyMasterNewReqModel.java":{"language":"Java","code":32,"comment":3,"blank":6},"file:///d%3A/flyway/WeClean-Web/weclean-web-repository/src/main/java/com/isolve/web/repository/PreRegistrationRepositoryImpl.java":{"language":"Java","code":279,"comment":4,"blank":32},"file:///d%3A/flyway/WeClean-Web/weclean-web-model/src/main/java/com/isolve/web/model/CancelParamedicRequestModel.java":{"language":"Java","code":18,"comment":3,"blank":5},"file:///d%3A/flyway/WeClean-Web/weclean-web-model/src/main/java/com/isolve/web/model/CenterMasterReqModel.java":{"language":"Java","code":37,"comment":3,"blank":4},"file:///d%3A/flyway/WeClean-Web/pom.xml":{"language":"XML","code":178,"comment":5,"blank":6},"file:///d%3A/flyway/WeClean-Web/weclean-web-model/src/main/java/com/isolve/web/model/PinCodeMappingModel.java":{"language":"Java","code":15,"comment":3,"blank":6},"file:///d%3A/flyway/WeClean-Web/weclean-web-model/src/main/java/com/isolve/web/model/PincodeMasterReqModel.java":{"language":"Java","code":13,"comment":3,"blank":6},"file:///d%3A/flyway/WeClean-Web/README.md":{"language":"Markdown","code":16,"comment":0,"blank":4},"file:///d%3A/flyway/WeClean-Web/weclean-web-model/src/main/java/com/isolve/web/model/CallHestoryReqModel.java":{"language":"Java","code":15,"comment":3,"blank":8},"file:///d%3A/flyway/WeClean-Web/weclean-web-model/src/main/java/com/isolve/web/model/PickupDetailsReqModel.java":{"language":"Java","code":14,"comment":3,"blank":5},"file:///d%3A/flyway/WeClean-Web/weclean-web-model/src/main/java/com/isolve/web/model/PickupDetailsByItemsReqModel.java":{"language":"Java","code":16,"comment":3,"blank":6},"file:///d%3A/flyway/WeClean-Web/weclean-web-model/src/main/java/com/isolve/web/model/PendingReportRequestModel.java":{"language":"Java","code":17,"comment":3,"blank":7},"file:///d%3A/flyway/WeClean-Web/weclean-web-model/src/main/java/com/isolve/web/model/PaymentStatusReqModel.java":{"language":"Java","code":19,"comment":3,"blank":4},"file:///d%3A/flyway/WeClean-Web/weclean-web-model/src/main/java/com/isolve/web/model/RescheduleAndCancellationExportReqModel.java":{"language":"Java","code":15,"comment":3,"blank":7},"file:///d%3A/flyway/WeClean-Web/weclean-web-model/src/main/java/com/isolve/web/model/RequestModel.java":{"language":"Java","code":19,"comment":8,"blank":6},"file:///d%3A/flyway/WeClean-Web/weclean-web-model/src/main/java/com/isolve/web/model/ReportsReqModel.java":{"language":"Java","code":16,"comment":3,"blank":9},"file:///d%3A/flyway/WeClean-Web/weclean-web-model/src/main/java/com/isolve/web/model/RepeatSampleInitiateRequestModel.java":{"language":"Java","code":15,"comment":0,"blank":4},"file:///d%3A/flyway/WeClean-Web/weclean-web-model/src/main/java/com/isolve/web/model/RepeatCollectionResponseModel.java":{"language":"Java","code":36,"comment":0,"blank":6},"file:///d%3A/flyway/WeClean-Web/weclean-web-model/src/main/java/com/isolve/web/model/RepeatSampleInitiateUserModel.java":{"language":"Java","code":13,"comment":0,"blank":3},"file:///d%3A/flyway/WeClean-Web/weclean-web-model/src/main/java/com/isolve/web/model/RepeatCollectionRequestModel.java":{"language":"Java","code":16,"comment":0,"blank":4},"file:///d%3A/flyway/WeClean-Web/weclean-web-model/src/main/java/com/isolve/web/model/RescheduleAndCancellationReqModel.java":{"language":"Java","code":18,"comment":3,"blank":6},"file:///d%3A/flyway/WeClean-Web/weclean-web-model/src/main/java/com/isolve/web/model/PickupRescheduleReqModel.java":{"language":"Java","code":19,"comment":3,"blank":5},"file:///d%3A/flyway/WeClean-Web/weclean-web-model/src/main/java/com/isolve/web/model/ResponseModel.java":{"language":"Java","code":33,"comment":4,"blank":12},"file:///d%3A/flyway/WeClean-Web/weclean-web-model/src/main/java/com/isolve/web/model/RepeatCollectionActionResponseModel.java":{"language":"Java","code":26,"comment":0,"blank":4},"file:///d%3A/flyway/WeClean-Web/weclean-web-application/logs/spring-boot-logger.log":{"language":"Log","code":101,"comment":0,"blank":5},"file:///d%3A/flyway/WeClean-Web/weclean-web-model/src/main/java/com/isolve/web/model/RepeatCollectionActionRequestModel.java":{"language":"Java","code":11,"comment":0,"blank":3},"file:///d%3A/flyway/WeClean-Web/manifests/uat-service.yml":{"language":"YAML","code":10,"comment":0,"blank":0},"file:///d%3A/flyway/WeClean-Web/weclean-web-model/src/main/java/com/isolve/web/model/ReceiveSampleActionRequestModel.java":{"language":"Java","code":11,"comment":0,"blank":3},"file:///d%3A/flyway/WeClean-Web/manifests/prod-service.yml":{"language":"YAML","code":10,"comment":0,"blank":0},"file:///d%3A/flyway/WeClean-Web/weclean-web-model/src/main/java/com/isolve/web/model/ReceiveItemDetailsReqModel.java":{"language":"Java","code":19,"comment":3,"blank":8},"file:///d%3A/flyway/WeClean-Web/weclean-web-model/src/main/java/com/isolve/web/model/RiderCancilationReqModel.java":{"language":"Java","code":15,"comment":3,"blank":6},"file:///d%3A/flyway/WeClean-Web/manifests/dev_phase2-service.yml":{"language":"YAML","code":10,"comment":0,"blank":0},"file:///d%3A/flyway/WeClean-Web/manifests/dev-service.yml":{"language":"YAML","code":10,"comment":0,"blank":0},"file:///d%3A/flyway/WeClean-Web/weclean-web-model/src/main/java/com/isolve/web/model/ReceiveDtailsExportReqModel.java":{"language":"Java","code":13,"comment":3,"blank":6},"file:///d%3A/flyway/WeClean-Web/manifests/uat-deployment.yml":{"language":"YAML","code":42,"comment":14,"blank":0},"file:///d%3A/flyway/WeClean-Web/manifests/prod-deployment.yml":{"language":"YAML","code":44,"comment":12,"blank":0},"file:///d%3A/flyway/WeClean-Web/weclean-web-model/src/main/java/com/isolve/web/model/ReceivedItemDetails.java":{"language":"Java","code":13,"comment":3,"blank":6},"file:///d%3A/flyway/WeClean-Web/weclean-web-model/src/main/java/com/isolve/web/model/ReceivedItemDetailsReqModel.java":{"language":"Java","code":14,"comment":3,"blank":7},"file:///d%3A/flyway/WeClean-Web/weclean-web-model/src/main/java/com/isolve/web/model/QRCodeServiceModels.java":{"language":"Java","code":13,"comment":3,"blank":6},"file:///d%3A/flyway/WeClean-Web/weclean-web-model/src/main/java/com/isolve/web/model/QRCodeServiceModel.java":{"language":"Java","code":14,"comment":3,"blank":6},"file:///d%3A/flyway/WeClean-Web/weclean-web-model/src/main/java/com/isolve/web/model/QrcodeDetailsReqModel.java":{"language":"Java","code":13,"comment":3,"blank":6},"file:///d%3A/flyway/WeClean-Web/weclean-web-model/src/main/java/com/isolve/web/model/ProcessStsConfigModel.java":{"language":"Java","code":19,"comment":3,"blank":5},"file:///d%3A/flyway/WeClean-Web/manifests/dev-deployment.yml":{"language":"YAML","code":48,"comment":6,"blank":0},"file:///d%3A/flyway/WeClean-Web/manifests/dev_phase2-deployment.yml":{"language":"YAML","code":42,"comment":12,"blank":0},"file:///d%3A/flyway/WeClean-Web/weclean-web-model/src/main/java/com/isolve/web/model/ProcessStepsByServiceIdReqModel.java":{"language":"Java","code":13,"comment":3,"blank":8},"file:///d%3A/flyway/WeClean-Web/weclean-web-model/src/main/java/com/isolve/web/model/ProcessStatusResModel.java":{"language":"Java","code":16,"comment":3,"blank":5},"file:///d%3A/flyway/WeClean-Web/weclean-web-model/src/main/java/com/isolve/web/model/RiderDetailsReqModel.java":{"language":"Java","code":29,"comment":3,"blank":5},"file:///d%3A/flyway/WeClean-Web/weclean-web-model/src/main/java/com/isolve/web/model/ProcessRescheduleConfiguration.java":{"language":"Java","code":19,"comment":0,"blank":3},"file:///d%3A/flyway/WeClean-Web/weclean-web-model/src/main/java/com/isolve/web/model/ProcessDetailsModel.java":{"language":"Java","code":16,"comment":3,"blank":7},"file:///d%3A/flyway/WeClean-Web/weclean-web-model/src/main/java/com/isolve/web/model/ProcessRescheduleResponseModel.java":{"language":"Java","code":15,"comment":0,"blank":6},"file:///d%3A/flyway/WeClean-Web/weclean-web-model/src/main/java/com/isolve/web/model/PreRegistrationDetailsReqModel.java":{"language":"Java","code":15,"comment":3,"blank":6},"file:///d%3A/flyway/WeClean-Web/weclean-web-model/src/main/java/com/isolve/web/model/PlanCode.java":{"language":"Java","code":10,"comment":0,"blank":5},"file:///d%3A/flyway/WeClean-Web/weclean-web-model/src/main/java/com/isolve/web/model/PreRegistrationProcessRequestModel.java":{"language":"Java","code":14,"comment":3,"blank":6},"file:///d%3A/flyway/WeClean-Web/weclean-web-model/src/main/java/com/isolve/web/model/PreRegistrationRequestModel.java":{"language":"Java","code":58,"comment":0,"blank":9},"file:///d%3A/flyway/WeClean-Web/weclean-web-model/src/main/java/com/isolve/web/model/PincodeModel.java":{"language":"Java","code":13,"comment":3,"blank":6},"file:///d%3A/flyway/WeClean-Web/weclean-web-model/src/main/java/com/isolve/web/model/PaymentSpecialInstructModel.java":{"language":"Java","code":12,"comment":3,"blank":8},"file:///d%3A/flyway/WeClean-Web/weclean-web-model/src/main/java/com/isolve/web/model/PaymentServiceDetailsResModel.java":{"language":"Java","code":15,"comment":3,"blank":6},"file:///d%3A/flyway/WeClean-Web/weclean-web-model/src/main/java/com/isolve/web/model/PaymentRaiseCompliantModel.java":{"language":"Java","code":15,"comment":3,"blank":8},"file:///d%3A/flyway/WeClean-Web/weclean-web-model/src/main/java/com/isolve/web/model/PaymentItemListResMod.java":{"language":"Java","code":15,"comment":3,"blank":7},"file:///d%3A/flyway/WeClean-Web/weclean-web-model/src/main/java/com/isolve/web/model/RiderInstructionReqModel.java":{"language":"Java","code":12,"comment":3,"blank":6},"file:///d%3A/flyway/WeClean-Web/weclean-web-model/src/main/java/com/isolve/web/model/PaymentInvoiceResModel.java":{"language":"Java","code":26,"comment":3,"blank":7},"file:///d%3A/flyway/WeClean-Web/weclean-web-model/src/main/java/com/isolve/web/model/PaymentInvoiceDetails.java":{"language":"Java","code":34,"comment":3,"blank":7},"file:///d%3A/flyway/WeClean-Web/weclean-web-model/src/main/java/com/isolve/web/model/ParamedicUserAvailabiltyResponseModel.java":{"language":"Java","code":18,"comment":3,"blank":8},"file:///d%3A/flyway/WeClean-Web/weclean-web-model/src/main/java/com/isolve/web/model/ParamedicUserAvailabiltyRequestModel.java":{"language":"Java","code":16,"comment":3,"blank":4},"file:///d%3A/flyway/WeClean-Web/weclean-web-model/src/main/java/com/isolve/web/model/ParamedicResponseModel.java":{"language":"Java","code":16,"comment":3,"blank":6},"file:///d%3A/flyway/WeClean-Web/weclean-web-model/src/main/java/com/isolve/web/model/ParamedicDetailsReqModel.java":{"language":"Java","code":14,"comment":3,"blank":5},"file:///d%3A/flyway/WeClean-Web/weclean-web-model/src/main/java/com/isolve/web/model/OrdersummaryPdf.java":{"language":"Java","code":15,"comment":3,"blank":7},"file:///d%3A/flyway/WeClean-Web/weclean-web-model/src/main/java/com/isolve/web/model/OrderSummaryImageReqModel.java":{"language":"Java","code":14,"comment":3,"blank":8},"file:///d%3A/flyway/WeClean-Web/weclean-web-model/src/main/java/com/isolve/web/model/NewItemwiseImageReqModel.java":{"language":"Java","code":16,"comment":0,"blank":9},"file:///d%3A/flyway/WeClean-Web/weclean-web-model/src/main/java/com/isolve/web/model/MessagedetailsModel.java":{"language":"Java","code":15,"comment":0,"blank":7},"file:///d%3A/flyway/WeClean-Web/weclean-web-model/src/main/java/com/isolve/web/model/MenuUserRights.java":{"language":"Java","code":18,"comment":2,"blank":4},"file:///d%3A/flyway/WeClean-Web/weclean-web-model/src/main/java/com/isolve/web/model/OrderDetailsReqModel.java":{"language":"Java","code":46,"comment":2,"blank":4},"file:///d%3A/flyway/WeClean-Web/weclean-web-model/src/main/java/com/isolve/web/model/LabTransferRequestModel.java":{"language":"Java","code":21,"comment":3,"blank":5},"file:///d%3A/flyway/WeClean-Web/weclean-web-model/src/main/java/com/isolve/web/model/LabTransferInitiativeUserModel.java":{"language":"Java","code":14,"comment":3,"blank":4},"file:///d%3A/flyway/WeClean-Web/weclean-web-model/src/main/java/com/isolve/web/model/LabTranReceiveReqModel.java":{"language":"Java","code":17,"comment":3,"blank":4},"file:///d%3A/flyway/WeClean-Web/weclean-web-model/src/main/java/com/isolve/web/model/LabMasterRequestModel.java":{"language":"Java","code":13,"comment":3,"blank":4},"file:///d%3A/flyway/WeClean-Web/weclean-web-model/src/main/java/com/isolve/web/model/LabMasterResponseModel.java":{"language":"Java","code":16,"comment":0,"blank":4},"file:///d%3A/flyway/WeClean-Web/weclean-web-model/src/main/java/com/isolve/web/model/NewOrderResModel.java":{"language":"Java","code":28,"comment":2,"blank":4},"file:///d%3A/flyway/WeClean-Web/weclean-web-model/src/main/java/com/isolve/web/model/ItemwiseImageReqModel.java":{"language":"Java","code":14,"comment":0,"blank":5},"file:///d%3A/flyway/WeClean-Web/weclean-web-model/src/main/java/com/isolve/web/model/ItemMasterReqModel.java":{"language":"Java","code":13,"comment":0,"blank":8},"file:///d%3A/flyway/WeClean-Web/weclean-web-model/src/main/java/com/isolve/web/model/ItemMasterNewReqModel.java":{"language":"Java","code":23,"comment":3,"blank":7},"file:///d%3A/flyway/WeClean-Web/weclean-web-model/src/main/java/com/isolve/web/model/InsertRefundReqModel.java":{"language":"Java","code":15,"comment":3,"blank":6},"file:///d%3A/flyway/WeClean-Web/weclean-web-model/src/main/java/com/isolve/web/model/InsertSlotNewReqModel.java":{"language":"Java","code":23,"comment":3,"blank":6},"file:///d%3A/flyway/WeClean-Web/weclean-web-model/src/main/java/com/isolve/web/model/RiderTimeSlotAvailabilityReqModel.java":{"language":"Java","code":14,"comment":3,"blank":7},"file:///d%3A/flyway/WeClean-Web/weclean-web-model/src/main/java/com/isolve/web/model/ProcessStatusReqModel.java":{"language":"Java","code":18,"comment":3,"blank":7},"file:///d%3A/flyway/WeClean-Web/weclean-web-model/src/main/java/com/isolve/web/model/LabTransferResponseModel.java":{"language":"Java","code":31,"comment":0,"blank":6},"file:///d%3A/flyway/WeClean-Web/weclean-web-model/src/main/java/com/isolve/web/model/InsertRefundModel.java":{"language":"Java","code":19,"comment":3,"blank":7},"file:///d%3A/flyway/WeClean-Web/weclean-web-model/src/main/java/com/isolve/web/model/LabTransferInitiativeRequestModel.java":{"language":"Java","code":39,"comment":2,"blank":10},"file:///d%3A/flyway/WeClean-Web/weclean-web-model/src/main/java/com/isolve/web/model/InsertComplaintsReqModel.java":{"language":"Java","code":17,"comment":3,"blank":7},"file:///d%3A/flyway/WeClean-Web/weclean-web-model/src/main/java/com/isolve/web/model/InsertAutomaticProcessStepsReqModel.java":{"language":"Java","code":17,"comment":3,"blank":6},"file:///d%3A/flyway/WeClean-Web/weclean-web-model/src/main/java/com/isolve/web/model/UserPickUpScheduleRequestModel.java":{"language":"Java","code":15,"comment":3,"blank":5},"file:///d%3A/flyway/WeClean-Web/weclean-web-model/src/main/java/com/isolve/web/model/ImageUploadModel.java":{"language":"Java","code":13,"comment":3,"blank":9},"file:///d%3A/flyway/WeClean-Web/weclean-web-model/src/main/java/com/isolve/web/model/UserPendingApprovalRequestModel.java":{"language":"Java","code":13,"comment":2,"blank":6},"file:///d%3A/flyway/WeClean-Web/weclean-web-model/src/main/java/com/isolve/web/model/UserManagementResModel.java":{"language":"Java","code":15,"comment":3,"blank":6},"file:///d%3A/flyway/WeClean-Web/weclean-web-model/src/main/java/com/isolve/web/model/VendorDetailsMasterReqModel.java":{"language":"Java","code":54,"comment":3,"blank":6},"file:///d%3A/flyway/WeClean-Web/weclean-web-model/src/main/java/com/isolve/web/model/UpdateWalletConfigurationReqModel.java":{"language":"Java","code":12,"comment":3,"blank":6},"file:///d%3A/flyway/WeClean-Web/weclean-web-model/src/main/java/com/isolve/web/model/UpdateUserApproveRejectRequestModel.java":{"language":"Java","code":15,"comment":0,"blank":3},"file:///d%3A/flyway/WeClean-Web/weclean-web-model/src/main/java/com/isolve/web/model/WecleanInvoiceResModel.java":{"language":"Java","code":21,"comment":3,"blank":6},"file:///d%3A/flyway/WeClean-Web/weclean-web-model/src/main/java/com/isolve/web/model/WebDelierySlotsRiderModel.java":{"language":"Java","code":13,"comment":3,"blank":7},"file:///d%3A/flyway/WeClean-Web/weclean-web-model/src/main/java/com/isolve/web/model/UserPendingApprovalResponseModel.java":{"language":"Java","code":42,"comment":0,"blank":5},"file:///d%3A/flyway/WeClean-Web/weclean-web-model/src/main/java/com/isolve/web/model/UserManagementResponseModel.java":{"language":"Java","code":43,"comment":3,"blank":7},"file:///d%3A/flyway/WeClean-Web/weclean-web-model/src/main/java/com/isolve/web/model/WebDelierySlotsResModel.java":{"language":"Java","code":17,"comment":3,"blank":7},"file:///d%3A/flyway/WeClean-Web/weclean-web-model/src/main/java/com/isolve/web/model/WalletInvoiceResModel.java":{"language":"Java","code":16,"comment":3,"blank":6},"file:///d%3A/flyway/WeClean-Web/weclean-web-model/src/main/java/com/isolve/web/model/WebDelierySlotsModel.java":{"language":"Java","code":16,"comment":3,"blank":7},"file:///d%3A/flyway/WeClean-Web/weclean-web-model/src/main/java/com/isolve/web/model/WebDashBoardDetails.java":{"language":"Java","code":19,"comment":3,"blank":5},"file:///d%3A/flyway/WeClean-Web/weclean-web-model/src/main/java/com/isolve/web/model/WalletConfigurationReqModel.java":{"language":"Java","code":17,"comment":3,"blank":6},"file:///d%3A/flyway/WeClean-Web/weclean-web-model/src/main/java/com/isolve/web/model/VisitTimeReqModel.java":{"language":"Java","code":19,"comment":3,"blank":4},"file:///d%3A/flyway/WeClean-Web/weclean-web-model/src/main/java/com/isolve/web/model/VisitTimeModel.java":{"language":"Java","code":15,"comment":3,"blank":6},"file:///d%3A/flyway/WeClean-Web/weclean-web-model/src/main/java/com/isolve/web/model/VendorVisitTimeReqModel.java":{"language":"Java","code":12,"comment":3,"blank":7},"file:///d%3A/flyway/WeClean-Web/weclean-web-model/src/main/java/com/isolve/web/model/UpdateSocietyReqModel.java":{"language":"Java","code":12,"comment":3,"blank":6},"file:///d%3A/flyway/WeClean-Web/weclean-web-model/src/main/java/com/isolve/web/model/UpdateBioReceiveUserModel.java":{"language":"Java","code":12,"comment":0,"blank":3},"file:///d%3A/flyway/WeClean-Web/weclean-web-model/src/main/java/com/isolve/web/model/VendorVisitTimeMappingReqModel.java":{"language":"Java","code":22,"comment":11,"blank":14},"file:///d%3A/flyway/WeClean-Web/weclean-web-model/src/main/java/com/isolve/web/model/UpdateBioReceiveRequestModel.java":{"language":"Java","code":15,"comment":0,"blank":5},"file:///d%3A/flyway/WeClean-Web/weclean-web-model/src/main/java/com/isolve/web/model/UpdateBioDiaAssignRequestModel.java":{"language":"Java","code":19,"comment":0,"blank":5},"file:///d%3A/flyway/WeClean-Web/weclean-web-model/src/main/java/com/isolve/web/model/TrackRiderDetailsReqModel.java":{"language":"Java","code":17,"comment":3,"blank":6},"file:///d%3A/flyway/WeClean-Web/weclean-web-model/src/main/java/com/isolve/web/model/TransferTypeResponseModel.java":{"language":"Java","code":19,"comment":3,"blank":7},"file:///d%3A/flyway/WeClean-Web/weclean-web-model/src/main/java/com/isolve/web/model/TimeSlotReqModel.java":{"language":"Java","code":21,"comment":3,"blank":11},"file:///d%3A/flyway/WeClean-Web/weclean-web-model/src/main/java/com/isolve/web/model/TemplateDetailsReqModel.java":{"language":"Java","code":17,"comment":3,"blank":7},"file:///d%3A/flyway/WeClean-Web/weclean-web-model/src/main/java/com/isolve/web/model/UpdateBioDiaAssignResponseModel.java":{"language":"Java","code":43,"comment":0,"blank":5},"file:///d%3A/flyway/WeClean-Web/weclean-web-model/src/main/java/com/isolve/web/model/TestProductMappingReqModel.java":{"language":"Java","code":26,"comment":3,"blank":5},"file:///d%3A/flyway/WeClean-Web/weclean-web-model/src/main/java/com/isolve/web/model/Staindetails.java":{"language":"Java","code":21,"comment":2,"blank":7},"file:///d%3A/flyway/WeClean-Web/weclean-web-model/src/main/java/com/isolve/web/model/StainMasterNewReqModel.java":{"language":"Java","code":22,"comment":3,"blank":6},"file:///d%3A/flyway/WeClean-Web/weclean-web-model/src/main/java/com/isolve/web/model/SocietyDetailsReqModel.java":{"language":"Java","code":16,"comment":3,"blank":6},"file:///d%3A/flyway/WeClean-Web/weclean-web-model/src/main/java/com/isolve/web/model/ServiceStepsMapppingReqModel.java":{"language":"Java","code":20,"comment":0,"blank":5},"file:///d%3A/flyway/WeClean-Web/weclean-web-model/src/main/java/com/isolve/web/model/SlotReqModel.java":{"language":"Java","code":15,"comment":3,"blank":7},"file:///d%3A/flyway/WeClean-Web/weclean-web-model/src/main/java/com/isolve/web/model/ServiceItemMasterNewReqModel.java":{"language":"Java","code":21,"comment":3,"blank":6},"file:///d%3A/flyway/WeClean-Web/weclean-web-model/src/main/java/com/isolve/web/model/StepsMasterNewRequestModel.java":{"language":"Java","code":24,"comment":3,"blank":6},"file:///d%3A/flyway/WeClean-Web/weclean-web-model/src/main/java/com/isolve/web/model/ServiceItemMappingReqModel.java":{"language":"Java","code":21,"comment":3,"blank":8},"file:///d%3A/flyway/WeClean-Web/weclean-web-model/src/main/java/com/isolve/web/model/SampleTypeResponseModel.java":{"language":"Java","code":16,"comment":0,"blank":4},"file:///d%3A/flyway/WeClean-Web/weclean-web-model/src/main/java/com/isolve/web/model/SalesHospitalMappingReqModel.java":{"language":"Java","code":15,"comment":0,"blank":9},"file:///d%3A/flyway/WeClean-Web/weclean-web-model/src/main/java/com/isolve/web/model/RosterTypeResponseModel.java":{"language":"Java","code":16,"comment":0,"blank":4},"file:///d%3A/flyway/WeClean-Web/weclean-web-model/src/main/java/com/isolve/web/model/RosterRosterResponseModel.java":{"language":"Java","code":17,"comment":0,"blank":4},"file:///d%3A/flyway/WeClean-Web/weclean-web-model/src/main/java/com/isolve/web/model/SaleshospitalMappingModel.java":{"language":"Java","code":13,"comment":0,"blank":6},"file:///d%3A/flyway/WeClean-Web/weclean-web-model/src/main/java/com/isolve/web/model/RosterInsertUpdateRequestModel.java":{"language":"Java","code":19,"comment":0,"blank":3},"file:///d%3A/flyway/WeClean-Web/weclean-web-model/src/main/java/com/isolve/web/model/RosterDetUserResponseModel.java":{"language":"Java","code":26,"comment":0,"blank":6},"file:///d%3A/flyway/WeClean-Web/weclean-web-model/src/main/java/com/isolve/web/model/RosterDetUserWithDateRequestModel.java":{"language":"Java","code":16,"comment":3,"blank":4},"file:///d%3A/flyway/WeClean-Web/weclean-web-model/src/main/java/com/isolve/web/model/RosterDetUserRequestModel.java":{"language":"Java","code":11,"comment":0,"blank":3},"file:///d%3A/flyway/WeClean-Web/weclean-web-model/src/main/java/com/isolve/web/model/RosterAgentResponseModel.java":{"language":"Java","code":22,"comment":0,"blank":6},"file:///d%3A/flyway/WeClean-Web/weclean-web-model/src/main/java/com/isolve/web/model/RoleTargetsResponseModel.java":{"language":"Java","code":22,"comment":3,"blank":7},"file:///d%3A/flyway/WeClean-Web/weclean-web-model/src/main/java/com/isolve/web/model/RoleActionForSpecificIDResModel.java":{"language":"Java","code":20,"comment":2,"blank":6},"file:///d%3A/flyway/WeClean-Web/weclean-web-model/src/main/java/com/isolve/web/model/RoleActionForSpecificIDReqModel.java":{"language":"Java","code":15,"comment":3,"blank":6},"file:///d%3A/flyway/WeClean-Web/weclean-web-model/src/main/java/com/isolve/web/model/RoleTargetActionReqModel.java":{"language":"Java","code":18,"comment":3,"blank":6},"file:///d%3A/flyway/WeClean-Web/weclean-web-model/src/main/java/com/isolve/web/model/RolePermissionReqModel.java":{"language":"Java","code":14,"comment":3,"blank":4},"file:///d%3A/flyway/WeClean-Web/weclean-web-model/src/main/java/com/isolve/web/model/RosterDetUserWithDateResponseModel.java":{"language":"Java","code":26,"comment":3,"blank":7},"file:///d%3A/flyway/WeClean-Web/weclean-web-application/logs/archived/spring-boot-logger-2022-04-07.0.log":{"language":"Log","code":345,"comment":0,"blank":19},"file:///d%3A/flyway/WeClean-Web/weclean-web-application/logs/archived/spring-boot-logger-2022-04-11.0.log":{"language":"Log","code":82,"comment":0,"blank":5},"file:///d%3A/flyway/WeClean-Web/weclean-web-application/logs/archived/spring-boot-logger-2022-04-08.0.log":{"language":"Log","code":1265,"comment":0,"blank":70},"file:///d%3A/flyway/WeClean-Web/logs/spring-boot-logger.log":{"language":"Log","code":356,"comment":0,"blank":30},"file:///d%3A/flyway/WeClean-Web/weclean-web-application/logs/archived/spring-boot-logger-2022-03-23.0.log":{"language":"Log","code":42,"comment":0,"blank":3},"file:///d%3A/flyway/WeClean-Web/weclean-web-application/logs/archived/spring-boot-logger-2022-03-18.0.log":{"language":"Log","code":539,"comment":0,"blank":43},"file:///d%3A/flyway/WeClean-Web/weclean-web-application/logs/archived/spring-boot-logger-2022-04-01.0.log":{"language":"Log","code":289,"comment":0,"blank":24},"file:///d%3A/flyway/WeClean-Web/weclean-web-application/logs/archived/spring-boot-logger-2022-02-27.0.log":{"language":"Log","code":30,"comment":0,"blank":3},"file:///d%3A/flyway/WeClean-Web/weclean-web-application/logs/archived/spring-boot-logger-2022-03-30.0.log":{"language":"Log","code":397,"comment":0,"blank":12},"file:///d%3A/flyway/WeClean-Web/weclean-web-application/logs/archived/spring-boot-logger-2022-02-15.0.log":{"language":"Log","code":107,"comment":0,"blank":14},"file:///d%3A/flyway/WeClean-Web/weclean-web-application/logs/archived/spring-boot-logger-2022-02-14.0.log":{"language":"Log","code":59,"comment":0,"blank":12},"file:///d%3A/flyway/WeClean-Web/weclean-web-application/logs/archived/spring-boot-logger-2022-02-05.0.log":{"language":"Log","code":99,"comment":0,"blank":7},"file:///d%3A/flyway/WeClean-Web/weclean-web-application/logs/archived/spring-boot-logger-2022-02-03.0.log":{"language":"Log","code":30,"comment":0,"blank":3},"file:///d%3A/flyway/WeClean-Web/weclean-web-application/logs/archived/spring-boot-logger-2022-02-04.0.log":{"language":"Log","code":76,"comment":0,"blank":5},"file:///d%3A/flyway/WeClean-Web/weclean-web-model/src/main/java/com/isolve/web/model/RolesResponseModel.java":{"language":"Java","code":21,"comment":3,"blank":6},"file:///d%3A/flyway/WeClean-Web/weclean-web-application/logs/archived/spring-boot-logger-2022-01-17.0.log":{"language":"Log","code":30,"comment":0,"blank":3},"file:///d%3A/flyway/WeClean-Web/weclean-web-application/logs/archived/spring-boot-logger-2022-01-25.0.log":{"language":"Log","code":140,"comment":0,"blank":9},"file:///d%3A/flyway/WeClean-Web/weclean-web-application/logs/archived/spring-boot-logger-2022-03-17.0.log":{"language":"Log","code":1336,"comment":0,"blank":241},"file:///d%3A/flyway/WeClean-Web/weclean-web-application/logs/archived/spring-boot-logger-2022-01-03.0.log":{"language":"Log","code":30,"comment":0,"blank":3},"file:///d%3A/flyway/WeClean-Web/weclean-web-application/logs/archived/spring-boot-logger-2021-12-24.0.log":{"language":"Log","code":36,"comment":0,"blank":3},"file:///d%3A/flyway/WeClean-Web/weclean-web-application/logs/archived/spring-boot-logger-2021-12-29.0.log":{"language":"Log","code":30,"comment":0,"blank":3},"file:///d%3A/flyway/WeClean-Web/weclean-web-application/logs/archived/spring-boot-logger-2022-01-05.0.log":{"language":"Log","code":229,"comment":0,"blank":13},"file:///d%3A/flyway/WeClean-Web/weclean-web-application/logs/archived/spring-boot-logger-2022-01-13.0.log":{"language":"Log","code":42,"comment":0,"blank":3},"file:///d%3A/flyway/WeClean-Web/weclean-web-application/logs/archived/spring-boot-logger-2021-12-16.0.log":{"language":"Log","code":325,"comment":0,"blank":19},"file:///d%3A/flyway/WeClean-Web/weclean-web-application/logs/archived/spring-boot-logger-2022-04-12.0.log":{"language":"Log","code":466,"comment":0,"blank":16},"file:///d%3A/flyway/WeClean-Web/weclean-web-application/logs/archived/spring-boot-logger-2021-12-15.0.log":{"language":"Log","code":60,"comment":0,"blank":5},"file:///d%3A/flyway/WeClean-Web/weclean-web-application/logs/archived/spring-boot-logger-2021-12-14.0.log":{"language":"Log","code":60,"comment":0,"blank":5},"file:///d%3A/flyway/WeClean-Web/weclean-web-application/logs/archived/spring-boot-logger-2021-12-09.0.log":{"language":"Log","code":30,"comment":0,"blank":3},"file:///d%3A/flyway/WeClean-Web/weclean-web-application/logs/archived/spring-boot-logger-2022-02-17.0.log":{"language":"Log","code":496,"comment":0,"blank":80},"file:///d%3A/flyway/WeClean-Web/weclean-web-application/logs/archived/spring-boot-logger-2021-12-04.0.log":{"language":"Log","code":178,"comment":0,"blank":11},"file:///d%3A/flyway/WeClean-Web/weclean-web-application/logs/archived/spring-boot-logger-2021-12-06.0.log":{"language":"Log","code":30,"comment":0,"blank":3},"file:///d%3A/flyway/WeClean-Web/weclean-web-application/logs/archived/spring-boot-logger-2021-12-13.0.log":{"language":"Log","code":90,"comment":0,"blank":7},"file:///d%3A/flyway/WeClean-Web/weclean-web-application/logs/archived/spring-boot-logger-2021-12-01.0.log":{"language":"Log","code":67,"comment":0,"blank":1},"file:///d%3A/flyway/WeClean-Web/weclean-web-application/logs/archived/spring-boot-logger-2021-11-20.0.log":{"language":"Log","code":666,"comment":0,"blank":3},"file:///d%3A/flyway/WeClean-Web/weclean-web-application/logs/archived/spring-boot-logger-2021-11-25.0.log":{"language":"Log","code":165,"comment":0,"blank":1},"file:///d%3A/flyway/WeClean-Web/weclean-web-application/logs/archived/spring-boot-logger-2021-11-28.0.log":{"language":"Log","code":79,"comment":0,"blank":1},"file:///d%3A/flyway/WeClean-Web/weclean-web-application/logs/archived/spring-boot-logger-2021-11-22.0.log":{"language":"Log","code":1371,"comment":0,"blank":16},"file:///d%3A/flyway/WeClean-Web/weclean-web-application/logs/archived/spring-boot-logger-2021-11-18.0.log":{"language":"Log","code":1100,"comment":0,"blank":66},"file:///d%3A/flyway/WeClean-Web/weclean-web-application/logs/archived/spring-boot-logger-2021-11-15.0.log":{"language":"Log","code":101,"comment":0,"blank":1},"file:///d%3A/flyway/WeClean-Web/weclean-web-application/logs/archived/spring-boot-logger-2021-11-17.0.log":{"language":"Log","code":533,"comment":0,"blank":1},"file:///d%3A/flyway/WeClean-Web/weclean-web-application/src/main/java/com/isolve/web/WecleanWebApplication.java":{"language":"Java","code":23,"comment":0,"blank":10},"file:///d%3A/flyway/WeClean-Web/azure-pipelines/prod-azure-pipelines.yml":{"language":"YAML","code":62,"comment":5,"blank":11},"file:///d%3A/flyway/WeClean-Web/azure-pipelines/dev_phase2-azure-pipelines.yml":{"language":"YAML","code":63,"comment":5,"blank":12},"file:///d%3A/flyway/WeClean-Web/azure-pipelines/dev-azure-pipelines.yml":{"language":"YAML","code":74,"comment":5,"blank":12},"file:///d%3A/flyway/WeClean-Web/azure-pipelines/azure-repo-backup.yml":{"language":"YAML","code":31,"comment":4,"blank":4},"file:///d%3A/flyway/WeClean-Web/weclean-web-application/logs/archived/spring-boot-logger-2021-11-16.0.log":{"language":"Log","code":254,"comment":0,"blank":1},"file:///d%3A/flyway/WeClean-Web/weclean-web-application/logs/archived/spring-boot-logger-2021-12-07.0.log":{"language":"Log","code":142,"comment":0,"blank":8},"file:///d%3A/flyway/WeClean-Web/weclean-web-application/logs/archived/spring-boot-logger-2022-03-31.0.log":{"language":"Log","code":401,"comment":0,"blank":28},"file:///d%3A/flyway/WeClean-Web/weclean-web-application/logs/archived/spring-boot-logger-2021-12-20.0.log":{"language":"Log","code":2911,"comment":0,"blank":165},"file:///d%3A/flyway/WeClean-Web/weclean-web-model/src/main/java/com/isolve/web/model/SocietyReqModel.java":{"language":"Java","code":25,"comment":3,"blank":7},"file:///d%3A/flyway/WeClean-Web/azure-pipelines/uat-azure-pipelines.yml":{"language":"YAML","code":62,"comment":5,"blank":11}}