"filename", "language", "Java Properties", "YAML", "HTML", "XML", "Java", "JSON", "Diff", "Markdown", "Log", "comment", "blank", "total"
"d:\flyway\WeClean-Web\README.md", "Markdown", 0, 0, 0, 0, 0, 0, 0, 16, 0, 0, 4, 20
"d:\flyway\WeClean-Web\azure-pipelines\azure-repo-backup.yml", "YAML", 0, 31, 0, 0, 0, 0, 0, 0, 0, 4, 4, 39
"d:\flyway\WeClean-Web\azure-pipelines\dev-azure-pipelines.yml", "YAML", 0, 74, 0, 0, 0, 0, 0, 0, 0, 5, 12, 91
"d:\flyway\WeClean-Web\azure-pipelines\dev_phase2-azure-pipelines.yml", "YAML", 0, 63, 0, 0, 0, 0, 0, 0, 0, 5, 12, 80
"d:\flyway\WeClean-Web\azure-pipelines\prod-azure-pipelines.yml", "YAML", 0, 62, 0, 0, 0, 0, 0, 0, 0, 5, 11, 78
"d:\flyway\WeClean-Web\azure-pipelines\uat-azure-pipelines.yml", "YAML", 0, 62, 0, 0, 0, 0, 0, 0, 0, 5, 11, 78
"d:\flyway\WeClean-Web\logs\spring-boot-logger.log", "Log", 0, 0, 0, 0, 0, 0, 0, 0, 356, 0, 30, 386
"d:\flyway\WeClean-Web\manifests\dev-deployment.yml", "YAML", 0, 48, 0, 0, 0, 0, 0, 0, 0, 6, 0, 54
"d:\flyway\WeClean-Web\manifests\dev-service.yml", "YAML", 0, 10, 0, 0, 0, 0, 0, 0, 0, 0, 0, 10
"d:\flyway\WeClean-Web\manifests\dev_phase2-deployment.yml", "YAML", 0, 42, 0, 0, 0, 0, 0, 0, 0, 12, 0, 54
"d:\flyway\WeClean-Web\manifests\dev_phase2-service.yml", "YAML", 0, 10, 0, 0, 0, 0, 0, 0, 0, 0, 0, 10
"d:\flyway\WeClean-Web\manifests\prod-deployment.yml", "YAML", 0, 44, 0, 0, 0, 0, 0, 0, 0, 12, 0, 56
"d:\flyway\WeClean-Web\manifests\prod-service.yml", "YAML", 0, 10, 0, 0, 0, 0, 0, 0, 0, 0, 0, 10
"d:\flyway\WeClean-Web\manifests\uat-deployment.yml", "YAML", 0, 42, 0, 0, 0, 0, 0, 0, 0, 14, 0, 56
"d:\flyway\WeClean-Web\manifests\uat-service.yml", "YAML", 0, 10, 0, 0, 0, 0, 0, 0, 0, 0, 0, 10
"d:\flyway\WeClean-Web\pom.xml", "XML", 0, 0, 0, 178, 0, 0, 0, 0, 0, 5, 6, 189
"d:\flyway\WeClean-Web\weclean-web-application\logs\archived\spring-boot-logger-2021-11-15.0.log", "Log", 0, 0, 0, 0, 0, 0, 0, 0, 101, 0, 1, 102
"d:\flyway\WeClean-Web\weclean-web-application\logs\archived\spring-boot-logger-2021-11-16.0.log", "Log", 0, 0, 0, 0, 0, 0, 0, 0, 254, 0, 1, 255
"d:\flyway\WeClean-Web\weclean-web-application\logs\archived\spring-boot-logger-2021-11-17.0.log", "Log", 0, 0, 0, 0, 0, 0, 0, 0, 533, 0, 1, 534
"d:\flyway\WeClean-Web\weclean-web-application\logs\archived\spring-boot-logger-2021-11-18.0.log", "Log", 0, 0, 0, 0, 0, 0, 0, 0, 1100, 0, 66, 1166
"d:\flyway\WeClean-Web\weclean-web-application\logs\archived\spring-boot-logger-2021-11-20.0.log", "Log", 0, 0, 0, 0, 0, 0, 0, 0, 666, 0, 3, 669
"d:\flyway\WeClean-Web\weclean-web-application\logs\archived\spring-boot-logger-2021-11-22.0.log", "Log", 0, 0, 0, 0, 0, 0, 0, 0, 1371, 0, 16, 1387
"d:\flyway\WeClean-Web\weclean-web-application\logs\archived\spring-boot-logger-2021-11-25.0.log", "Log", 0, 0, 0, 0, 0, 0, 0, 0, 165, 0, 1, 166
"d:\flyway\WeClean-Web\weclean-web-application\logs\archived\spring-boot-logger-2021-11-28.0.log", "Log", 0, 0, 0, 0, 0, 0, 0, 0, 79, 0, 1, 80
"d:\flyway\WeClean-Web\weclean-web-application\logs\archived\spring-boot-logger-2021-12-01.0.log", "Log", 0, 0, 0, 0, 0, 0, 0, 0, 67, 0, 1, 68
"d:\flyway\WeClean-Web\weclean-web-application\logs\archived\spring-boot-logger-2021-12-04.0.log", "Log", 0, 0, 0, 0, 0, 0, 0, 0, 178, 0, 11, 189
"d:\flyway\WeClean-Web\weclean-web-application\logs\archived\spring-boot-logger-2021-12-06.0.log", "Log", 0, 0, 0, 0, 0, 0, 0, 0, 30, 0, 3, 33
"d:\flyway\WeClean-Web\weclean-web-application\logs\archived\spring-boot-logger-2021-12-07.0.log", "Log", 0, 0, 0, 0, 0, 0, 0, 0, 142, 0, 8, 150
"d:\flyway\WeClean-Web\weclean-web-application\logs\archived\spring-boot-logger-2021-12-09.0.log", "Log", 0, 0, 0, 0, 0, 0, 0, 0, 30, 0, 3, 33
"d:\flyway\WeClean-Web\weclean-web-application\logs\archived\spring-boot-logger-2021-12-13.0.log", "Log", 0, 0, 0, 0, 0, 0, 0, 0, 90, 0, 7, 97
"d:\flyway\WeClean-Web\weclean-web-application\logs\archived\spring-boot-logger-2021-12-14.0.log", "Log", 0, 0, 0, 0, 0, 0, 0, 0, 60, 0, 5, 65
"d:\flyway\WeClean-Web\weclean-web-application\logs\archived\spring-boot-logger-2021-12-15.0.log", "Log", 0, 0, 0, 0, 0, 0, 0, 0, 60, 0, 5, 65
"d:\flyway\WeClean-Web\weclean-web-application\logs\archived\spring-boot-logger-2021-12-16.0.log", "Log", 0, 0, 0, 0, 0, 0, 0, 0, 325, 0, 19, 344
"d:\flyway\WeClean-Web\weclean-web-application\logs\archived\spring-boot-logger-2021-12-20.0.log", "Log", 0, 0, 0, 0, 0, 0, 0, 0, 2911, 0, 165, 3076
"d:\flyway\WeClean-Web\weclean-web-application\logs\archived\spring-boot-logger-2021-12-24.0.log", "Log", 0, 0, 0, 0, 0, 0, 0, 0, 36, 0, 3, 39
"d:\flyway\WeClean-Web\weclean-web-application\logs\archived\spring-boot-logger-2021-12-29.0.log", "Log", 0, 0, 0, 0, 0, 0, 0, 0, 30, 0, 3, 33
"d:\flyway\WeClean-Web\weclean-web-application\logs\archived\spring-boot-logger-2022-01-03.0.log", "Log", 0, 0, 0, 0, 0, 0, 0, 0, 30, 0, 3, 33
"d:\flyway\WeClean-Web\weclean-web-application\logs\archived\spring-boot-logger-2022-01-05.0.log", "Log", 0, 0, 0, 0, 0, 0, 0, 0, 229, 0, 13, 242
"d:\flyway\WeClean-Web\weclean-web-application\logs\archived\spring-boot-logger-2022-01-13.0.log", "Log", 0, 0, 0, 0, 0, 0, 0, 0, 42, 0, 3, 45
"d:\flyway\WeClean-Web\weclean-web-application\logs\archived\spring-boot-logger-2022-01-17.0.log", "Log", 0, 0, 0, 0, 0, 0, 0, 0, 30, 0, 3, 33
"d:\flyway\WeClean-Web\weclean-web-application\logs\archived\spring-boot-logger-2022-01-25.0.log", "Log", 0, 0, 0, 0, 0, 0, 0, 0, 140, 0, 9, 149
"d:\flyway\WeClean-Web\weclean-web-application\logs\archived\spring-boot-logger-2022-02-03.0.log", "Log", 0, 0, 0, 0, 0, 0, 0, 0, 30, 0, 3, 33
"d:\flyway\WeClean-Web\weclean-web-application\logs\archived\spring-boot-logger-2022-02-04.0.log", "Log", 0, 0, 0, 0, 0, 0, 0, 0, 76, 0, 5, 81
"d:\flyway\WeClean-Web\weclean-web-application\logs\archived\spring-boot-logger-2022-02-05.0.log", "Log", 0, 0, 0, 0, 0, 0, 0, 0, 99, 0, 7, 106
"d:\flyway\WeClean-Web\weclean-web-application\logs\archived\spring-boot-logger-2022-02-14.0.log", "Log", 0, 0, 0, 0, 0, 0, 0, 0, 59, 0, 12, 71
"d:\flyway\WeClean-Web\weclean-web-application\logs\archived\spring-boot-logger-2022-02-15.0.log", "Log", 0, 0, 0, 0, 0, 0, 0, 0, 107, 0, 14, 121
"d:\flyway\WeClean-Web\weclean-web-application\logs\archived\spring-boot-logger-2022-02-17.0.log", "Log", 0, 0, 0, 0, 0, 0, 0, 0, 496, 0, 80, 576
"d:\flyway\WeClean-Web\weclean-web-application\logs\archived\spring-boot-logger-2022-02-27.0.log", "Log", 0, 0, 0, 0, 0, 0, 0, 0, 30, 0, 3, 33
"d:\flyway\WeClean-Web\weclean-web-application\logs\archived\spring-boot-logger-2022-03-17.0.log", "Log", 0, 0, 0, 0, 0, 0, 0, 0, 1336, 0, 241, 1577
"d:\flyway\WeClean-Web\weclean-web-application\logs\archived\spring-boot-logger-2022-03-18.0.log", "Log", 0, 0, 0, 0, 0, 0, 0, 0, 539, 0, 43, 582
"d:\flyway\WeClean-Web\weclean-web-application\logs\archived\spring-boot-logger-2022-03-23.0.log", "Log", 0, 0, 0, 0, 0, 0, 0, 0, 42, 0, 3, 45
"d:\flyway\WeClean-Web\weclean-web-application\logs\archived\spring-boot-logger-2022-03-30.0.log", "Log", 0, 0, 0, 0, 0, 0, 0, 0, 397, 0, 12, 409
"d:\flyway\WeClean-Web\weclean-web-application\logs\archived\spring-boot-logger-2022-03-31.0.log", "Log", 0, 0, 0, 0, 0, 0, 0, 0, 401, 0, 28, 429
"d:\flyway\WeClean-Web\weclean-web-application\logs\archived\spring-boot-logger-2022-04-01.0.log", "Log", 0, 0, 0, 0, 0, 0, 0, 0, 289, 0, 24, 313
"d:\flyway\WeClean-Web\weclean-web-application\logs\archived\spring-boot-logger-2022-04-07.0.log", "Log", 0, 0, 0, 0, 0, 0, 0, 0, 345, 0, 19, 364
"d:\flyway\WeClean-Web\weclean-web-application\logs\archived\spring-boot-logger-2022-04-08.0.log", "Log", 0, 0, 0, 0, 0, 0, 0, 0, 1265, 0, 70, 1335
"d:\flyway\WeClean-Web\weclean-web-application\logs\archived\spring-boot-logger-2022-04-11.0.log", "Log", 0, 0, 0, 0, 0, 0, 0, 0, 82, 0, 5, 87
"d:\flyway\WeClean-Web\weclean-web-application\logs\archived\spring-boot-logger-2022-04-12.0.log", "Log", 0, 0, 0, 0, 0, 0, 0, 0, 466, 0, 16, 482
"d:\flyway\WeClean-Web\weclean-web-application\logs\spring-boot-logger.log", "Log", 0, 0, 0, 0, 0, 0, 0, 0, 101, 0, 5, 106
"d:\flyway\WeClean-Web\weclean-web-application\pom.xml", "XML", 0, 0, 0, 50, 0, 0, 0, 0, 0, 0, 0, 50
"d:\flyway\WeClean-Web\weclean-web-application\src\main\java\com\isolve\web\WecleanWebApplication.java", "Java", 0, 0, 0, 0, 23, 0, 0, 0, 0, 0, 10, 33
"d:\flyway\WeClean-Web\weclean-web-application\src\main\resources\logback-spring.xml", "XML", 0, 0, 0, 37, 0, 0, 0, 0, 0, 3, 7, 47
"d:\flyway\WeClean-Web\weclean-web-application\target\maven-archiver\pom.properties", "Java Properties", 3, 0, 0, 0, 0, 0, 0, 0, 0, 0, 1, 4
"d:\flyway\WeClean-Web\weclean-web-controller\openapi.json", "JSON", 0, 0, 0, 0, 0, 452, 0, 0, 0, 300, 1, 753
"d:\flyway\WeClean-Web\weclean-web-controller\pom.xml", "XML", 0, 0, 0, 18, 0, 0, 0, 0, 0, 16, 0, 34
"d:\flyway\WeClean-Web\weclean-web-controller\src\main\java\com\isolve\web\controller\ApplicationController.java", "Java", 0, 0, 0, 0, 13, 0, 0, 0, 0, 0, 5, 18
"d:\flyway\WeClean-Web\weclean-web-controller\src\main\java\com\isolve\web\controller\AssignParamedicBioDiaController.java", "Java", 0, 0, 0, 0, 149, 0, 0, 0, 0, 0, 20, 169
"d:\flyway\WeClean-Web\weclean-web-controller\src\main\java\com\isolve\web\controller\BioBankController.java", "Java", 0, 0, 0, 0, 82, 0, 0, 0, 0, 0, 18, 100
"d:\flyway\WeClean-Web\weclean-web-controller\src\main\java\com\isolve\web\controller\LabTransferController.java", "Java", 0, 0, 0, 0, 130, 0, 0, 0, 0, 0, 18, 148
"d:\flyway\WeClean-Web\weclean-web-controller\src\main\java\com\isolve\web\controller\MasterController.java", "Java", 0, 0, 0, 0, 2699, 0, 0, 0, 0, 10, 228, 2937
"d:\flyway\WeClean-Web\weclean-web-controller\src\main\java\com\isolve\web\controller\OderController.java", "Java", 0, 0, 0, 0, 96, 0, 0, 0, 0, 0, 24, 120
"d:\flyway\WeClean-Web\weclean-web-controller\src\main\java\com\isolve\web\controller\PreRegistrationDetailsController.java", "Java", 0, 0, 0, 0, 74, 0, 0, 0, 0, 0, 12, 86
"d:\flyway\WeClean-Web\weclean-web-controller\src\main\java\com\isolve\web\controller\ProfileApprovalController.java", "Java", 0, 0, 0, 0, 59, 0, 0, 0, 0, 0, 9, 68
"d:\flyway\WeClean-Web\weclean-web-controller\src\main\java\com\isolve\web\controller\RepeatCollectionController.java", "Java", 0, 0, 0, 0, 82, 0, 0, 0, 0, 0, 12, 94
"d:\flyway\WeClean-Web\weclean-web-controller\src\main\java\com\isolve\web\controller\ReportController.java", "Java", 0, 0, 0, 0, 189, 0, 0, 0, 0, 0, 21, 210
"d:\flyway\WeClean-Web\weclean-web-controller\src\main\java\com\isolve\web\controller\RoleManagementController.java", "Java", 0, 0, 0, 0, 110, 0, 0, 0, 0, 0, 12, 122
"d:\flyway\WeClean-Web\weclean-web-controller\src\main\java\com\isolve\web\controller\RosterParamedicController.java", "Java", 0, 0, 0, 0, 122, 0, 0, 0, 0, 0, 20, 142
"d:\flyway\WeClean-Web\weclean-web-controller\src\main\java\com\isolve\web\controller\UserManagementController.java", "Java", 0, 0, 0, 0, 40, 0, 0, 0, 0, 0, 7, 47
"d:\flyway\WeClean-Web\weclean-web-controller\target\maven-archiver\pom.properties", "Java Properties", 3, 0, 0, 0, 0, 0, 0, 0, 0, 0, 1, 4
"d:\flyway\WeClean-Web\weclean-web-model\pom.xml", "XML", 0, 0, 0, 9, 0, 0, 0, 0, 0, 16, 0, 25
"d:\flyway\WeClean-Web\weclean-web-model\src\main\java\com\isolve\web\config\RequestFilter.java", "Java", 0, 0, 0, 0, 69, 0, 0, 0, 0, 1, 20, 90
"d:\flyway\WeClean-Web\weclean-web-model\src\main\java\com\isolve\web\config\WebSecurityConfig.java", "Java", 0, 0, 0, 0, 16, 0, 0, 0, 0, 12, 3, 31
"d:\flyway\WeClean-Web\weclean-web-model\src\main\java\com\isolve\web\model\AppUsageStatusReportRequestModel.java", "Java", 0, 0, 0, 0, 17, 0, 0, 0, 0, 3, 7, 27
"d:\flyway\WeClean-Web\weclean-web-model\src\main\java\com\isolve\web\model\AppovalActionResModel.java", "Java", 0, 0, 0, 0, 16, 0, 0, 0, 0, 3, 8, 27
"d:\flyway\WeClean-Web\weclean-web-model\src\main\java\com\isolve\web\model\AppovalActionStausResModel.java", "Java", 0, 0, 0, 0, 27, 0, 0, 0, 0, 5, 14, 46
"d:\flyway\WeClean-Web\weclean-web-model\src\main\java\com\isolve\web\model\ApprovalActionImagePathResModel.java", "Java", 0, 0, 0, 0, 18, 0, 0, 0, 0, 3, 9, 30
"d:\flyway\WeClean-Web\weclean-web-model\src\main\java\com\isolve\web\model\ApprovalsDetResModel.java", "Java", 0, 0, 0, 0, 14, 0, 0, 0, 0, 3, 6, 23
"d:\flyway\WeClean-Web\weclean-web-model\src\main\java\com\isolve\web\model\AssignParamedicRequestModel.java", "Java", 0, 0, 0, 0, 32, 0, 0, 0, 0, 3, 8, 43
"d:\flyway\WeClean-Web\weclean-web-model\src\main\java\com\isolve\web\model\AutomaticProcessModel.java", "Java", 0, 0, 0, 0, 16, 0, 0, 0, 0, 3, 7, 26
"d:\flyway\WeClean-Web\weclean-web-model\src\main\java\com\isolve\web\model\AutomaticProcessReqModel.java", "Java", 0, 0, 0, 0, 13, 0, 0, 0, 0, 3, 6, 22
"d:\flyway\WeClean-Web\weclean-web-model\src\main\java\com\isolve\web\model\BioBankReceiveSampleModel.java", "Java", 0, 0, 0, 0, 19, 0, 0, 0, 0, 0, 5, 24
"d:\flyway\WeClean-Web\weclean-web-model\src\main\java\com\isolve\web\model\BioBankResponseModel.java", "Java", 0, 0, 0, 0, 30, 0, 0, 0, 0, 3, 5, 38
"d:\flyway\WeClean-Web\weclean-web-model\src\main\java\com\isolve\web\model\BrandMasterNewReqModel.java", "Java", 0, 0, 0, 0, 22, 0, 0, 0, 0, 3, 7, 32
"d:\flyway\WeClean-Web\weclean-web-model\src\main\java\com\isolve\web\model\Branddetails.java", "Java", 0, 0, 0, 0, 20, 0, 0, 0, 0, 3, 10, 33
"d:\flyway\WeClean-Web\weclean-web-model\src\main\java\com\isolve\web\model\CallHestoryReqModel.java", "Java", 0, 0, 0, 0, 15, 0, 0, 0, 0, 3, 8, 26
"d:\flyway\WeClean-Web\weclean-web-model\src\main\java\com\isolve\web\model\CancelParamedicRequestModel.java", "Java", 0, 0, 0, 0, 18, 0, 0, 0, 0, 3, 5, 26
"d:\flyway\WeClean-Web\weclean-web-model\src\main\java\com\isolve\web\model\CancelReasonResponseModel.java", "Java", 0, 0, 0, 0, 16, 0, 0, 0, 0, 0, 4, 20
"d:\flyway\WeClean-Web\weclean-web-model\src\main\java\com\isolve\web\model\CenterMasterReqModel.java", "Java", 0, 0, 0, 0, 37, 0, 0, 0, 0, 3, 4, 44
"d:\flyway\WeClean-Web\weclean-web-model\src\main\java\com\isolve\web\model\ChallanMasterReqModel.java", "Java", 0, 0, 0, 0, 19, 0, 0, 0, 0, 3, 6, 28
"d:\flyway\WeClean-Web\weclean-web-model\src\main\java\com\isolve\web\model\ChatUserReqModel.java", "Java", 0, 0, 0, 0, 19, 0, 0, 0, 0, 3, 4, 26
"d:\flyway\WeClean-Web\weclean-web-model\src\main\java\com\isolve\web\model\CollectItemDamageDetailsModel.java", "Java", 0, 0, 0, 0, 29, 0, 0, 0, 0, 3, 8, 40
"d:\flyway\WeClean-Web\weclean-web-model\src\main\java\com\isolve\web\model\CollectItemDetailsModel.java", "Java", 0, 0, 0, 0, 31, 0, 0, 0, 0, 3, 7, 41
"d:\flyway\WeClean-Web\weclean-web-model\src\main\java\com\isolve\web\model\CollectItemDetailsModelinsp.java", "Java", 0, 0, 0, 0, 31, 0, 0, 0, 0, 3, 7, 41
"d:\flyway\WeClean-Web\weclean-web-model\src\main\java\com\isolve\web\model\Colordetails.java", "Java", 0, 0, 0, 0, 21, 0, 0, 0, 0, 2, 10, 33
"d:\flyway\WeClean-Web\weclean-web-model\src\main\java\com\isolve\web\model\ColourMasterNewReqModel.java", "Java", 0, 0, 0, 0, 23, 0, 0, 0, 0, 3, 6, 32
"d:\flyway\WeClean-Web\weclean-web-model\src\main\java\com\isolve\web\model\CompanyMasterNewReqModel.java", "Java", 0, 0, 0, 0, 32, 0, 0, 0, 0, 3, 6, 41
"d:\flyway\WeClean-Web\weclean-web-model\src\main\java\com\isolve\web\model\ComplaintsReqModel.java", "Java", 0, 0, 0, 0, 17, 0, 0, 0, 0, 3, 5, 25
"d:\flyway\WeClean-Web\weclean-web-model\src\main\java\com\isolve\web\model\ConfigurationModel.java", "Java", 0, 0, 0, 0, 14, 0, 0, 0, 0, 3, 6, 23
"d:\flyway\WeClean-Web\weclean-web-model\src\main\java\com\isolve\web\model\ConfigurationResponseModel.java", "Java", 0, 0, 0, 0, 19, 0, 0, 0, 0, 3, 6, 28
"d:\flyway\WeClean-Web\weclean-web-model\src\main\java\com\isolve\web\model\ConfigurationSmsModel.java", "Java", 0, 0, 0, 0, 20, 0, 0, 0, 0, 3, 4, 27
"d:\flyway\WeClean-Web\weclean-web-model\src\main\java\com\isolve\web\model\CourierMasterRequestModel.java", "Java", 0, 0, 0, 0, 13, 0, 0, 0, 0, 3, 4, 20
"d:\flyway\WeClean-Web\weclean-web-model\src\main\java\com\isolve\web\model\CourierMasterResponseModel.java", "Java", 0, 0, 0, 0, 16, 0, 0, 0, 0, 0, 4, 20
"d:\flyway\WeClean-Web\weclean-web-model\src\main\java\com\isolve\web\model\CustomerDetailsReqModel.java", "Java", 0, 0, 0, 0, 35, 0, 0, 0, 0, 3, 5, 43
"d:\flyway\WeClean-Web\weclean-web-model\src\main\java\com\isolve\web\model\DamageCommondetails.java", "Java", 0, 0, 0, 0, 15, 0, 0, 0, 0, 2, 7, 24
"d:\flyway\WeClean-Web\weclean-web-model\src\main\java\com\isolve\web\model\DamageMasterNewReqModel.java", "Java", 0, 0, 0, 0, 22, 0, 0, 0, 0, 3, 5, 30
"d:\flyway\WeClean-Web\weclean-web-model\src\main\java\com\isolve\web\model\Damagedetails.java", "Java", 0, 0, 0, 0, 17, 0, 0, 0, 0, 2, 6, 25
"d:\flyway\WeClean-Web\weclean-web-model\src\main\java\com\isolve\web\model\DamagedetailsModel.java", "Java", 0, 0, 0, 0, 21, 0, 0, 0, 0, 2, 10, 33
"d:\flyway\WeClean-Web\weclean-web-model\src\main\java\com\isolve\web\model\DeleteRosterRequestModel.java", "Java", 0, 0, 0, 0, 16, 0, 0, 0, 0, 3, 7, 26
"d:\flyway\WeClean-Web\weclean-web-model\src\main\java\com\isolve\web\model\DeliveryModeReqModel.java", "Java", 0, 0, 0, 0, 12, 0, 0, 0, 0, 3, 5, 20
"d:\flyway\WeClean-Web\weclean-web-model\src\main\java\com\isolve\web\model\DispatchDetailsReqModel.java", "Java", 0, 0, 0, 0, 12, 0, 0, 0, 0, 3, 7, 22
"d:\flyway\WeClean-Web\weclean-web-model\src\main\java\com\isolve\web\model\DispatchDetailsRequestModel.java", "Java", 0, 0, 0, 0, 28, 0, 0, 0, 0, 3, 8, 39
"d:\flyway\WeClean-Web\weclean-web-model\src\main\java\com\isolve\web\model\DoctorDetailsReqModel.java", "Java", 0, 0, 0, 0, 27, 0, 0, 0, 0, 0, 11, 38
"d:\flyway\WeClean-Web\weclean-web-model\src\main\java\com\isolve\web\model\DoctorHospitalMappingModel.java", "Java", 0, 0, 0, 0, 13, 0, 0, 0, 0, 0, 9, 22
"d:\flyway\WeClean-Web\weclean-web-model\src\main\java\com\isolve\web\model\DoctorHospitalMappingReqModel.java", "Java", 0, 0, 0, 0, 15, 0, 0, 0, 0, 0, 9, 24
"d:\flyway\WeClean-Web\weclean-web-model\src\main\java\com\isolve\web\model\EmailResponseModel.java", "Java", 0, 0, 0, 0, 16, 0, 0, 0, 0, 3, 6, 25
"d:\flyway\WeClean-Web\weclean-web-model\src\main\java\com\isolve\web\model\GrommingstandardsReqModel.java", "Java", 0, 0, 0, 0, 29, 0, 0, 0, 0, 2, 6, 37
"d:\flyway\WeClean-Web\weclean-web-model\src\main\java\com\isolve\web\model\HospitalstatecityModel.java", "Java", 0, 0, 0, 0, 13, 0, 0, 0, 0, 0, 8, 21
"d:\flyway\WeClean-Web\weclean-web-model\src\main\java\com\isolve\web\model\ImageUploadModel.java", "Java", 0, 0, 0, 0, 13, 0, 0, 0, 0, 3, 9, 25
"d:\flyway\WeClean-Web\weclean-web-model\src\main\java\com\isolve\web\model\Imagedetails.java", "Java", 0, 0, 0, 0, 19, 0, 0, 0, 0, 2, 9, 30
"d:\flyway\WeClean-Web\weclean-web-model\src\main\java\com\isolve\web\model\ImagedetailsModel.java", "Java", 0, 0, 0, 0, 19, 0, 0, 0, 0, 2, 11, 32
"d:\flyway\WeClean-Web\weclean-web-model\src\main\java\com\isolve\web\model\InsertAutomaticProcessStepsReqModel.java", "Java", 0, 0, 0, 0, 17, 0, 0, 0, 0, 3, 6, 26
"d:\flyway\WeClean-Web\weclean-web-model\src\main\java\com\isolve\web\model\InsertComplaintsReqModel.java", "Java", 0, 0, 0, 0, 17, 0, 0, 0, 0, 3, 7, 27
"d:\flyway\WeClean-Web\weclean-web-model\src\main\java\com\isolve\web\model\InsertRefundModel.java", "Java", 0, 0, 0, 0, 19, 0, 0, 0, 0, 3, 7, 29
"d:\flyway\WeClean-Web\weclean-web-model\src\main\java\com\isolve\web\model\InsertRefundReqModel.java", "Java", 0, 0, 0, 0, 15, 0, 0, 0, 0, 3, 6, 24
"d:\flyway\WeClean-Web\weclean-web-model\src\main\java\com\isolve\web\model\InsertSlotNewReqModel.java", "Java", 0, 0, 0, 0, 23, 0, 0, 0, 0, 3, 6, 32
"d:\flyway\WeClean-Web\weclean-web-model\src\main\java\com\isolve\web\model\ItemMasterNewReqModel.java", "Java", 0, 0, 0, 0, 23, 0, 0, 0, 0, 3, 7, 33
"d:\flyway\WeClean-Web\weclean-web-model\src\main\java\com\isolve\web\model\ItemMasterReqModel.java", "Java", 0, 0, 0, 0, 13, 0, 0, 0, 0, 0, 8, 21
"d:\flyway\WeClean-Web\weclean-web-model\src\main\java\com\isolve\web\model\ItemwiseImageReqModel.java", "Java", 0, 0, 0, 0, 14, 0, 0, 0, 0, 0, 5, 19
"d:\flyway\WeClean-Web\weclean-web-model\src\main\java\com\isolve\web\model\LabMasterRequestModel.java", "Java", 0, 0, 0, 0, 13, 0, 0, 0, 0, 3, 4, 20
"d:\flyway\WeClean-Web\weclean-web-model\src\main\java\com\isolve\web\model\LabMasterResponseModel.java", "Java", 0, 0, 0, 0, 16, 0, 0, 0, 0, 0, 4, 20
"d:\flyway\WeClean-Web\weclean-web-model\src\main\java\com\isolve\web\model\LabTranReceiveReqModel.java", "Java", 0, 0, 0, 0, 17, 0, 0, 0, 0, 3, 4, 24
"d:\flyway\WeClean-Web\weclean-web-model\src\main\java\com\isolve\web\model\LabTransferInitiativeRequestModel.java", "Java", 0, 0, 0, 0, 39, 0, 0, 0, 0, 2, 10, 51
"d:\flyway\WeClean-Web\weclean-web-model\src\main\java\com\isolve\web\model\LabTransferInitiativeUserModel.java", "Java", 0, 0, 0, 0, 14, 0, 0, 0, 0, 3, 4, 21
"d:\flyway\WeClean-Web\weclean-web-model\src\main\java\com\isolve\web\model\LabTransferRequestModel.java", "Java", 0, 0, 0, 0, 21, 0, 0, 0, 0, 3, 5, 29
"d:\flyway\WeClean-Web\weclean-web-model\src\main\java\com\isolve\web\model\LabTransferResponseModel.java", "Java", 0, 0, 0, 0, 31, 0, 0, 0, 0, 0, 6, 37
"d:\flyway\WeClean-Web\weclean-web-model\src\main\java\com\isolve\web\model\MenuUserRights.java", "Java", 0, 0, 0, 0, 18, 0, 0, 0, 0, 2, 4, 24
"d:\flyway\WeClean-Web\weclean-web-model\src\main\java\com\isolve\web\model\MessagedetailsModel.java", "Java", 0, 0, 0, 0, 15, 0, 0, 0, 0, 0, 7, 22
"d:\flyway\WeClean-Web\weclean-web-model\src\main\java\com\isolve\web\model\NewItemwiseImageReqModel.java", "Java", 0, 0, 0, 0, 16, 0, 0, 0, 0, 0, 9, 25
"d:\flyway\WeClean-Web\weclean-web-model\src\main\java\com\isolve\web\model\NewOrderResModel.java", "Java", 0, 0, 0, 0, 28, 0, 0, 0, 0, 2, 4, 34
"d:\flyway\WeClean-Web\weclean-web-model\src\main\java\com\isolve\web\model\OrderDetailsReqModel.java", "Java", 0, 0, 0, 0, 46, 0, 0, 0, 0, 2, 4, 52
"d:\flyway\WeClean-Web\weclean-web-model\src\main\java\com\isolve\web\model\OrderSummaryImageReqModel.java", "Java", 0, 0, 0, 0, 14, 0, 0, 0, 0, 3, 8, 25
"d:\flyway\WeClean-Web\weclean-web-model\src\main\java\com\isolve\web\model\OrdersummaryPdf.java", "Java", 0, 0, 0, 0, 15, 0, 0, 0, 0, 3, 7, 25
"d:\flyway\WeClean-Web\weclean-web-model\src\main\java\com\isolve\web\model\ParamedicDetailsReqModel.java", "Java", 0, 0, 0, 0, 14, 0, 0, 0, 0, 3, 5, 22
"d:\flyway\WeClean-Web\weclean-web-model\src\main\java\com\isolve\web\model\ParamedicResponseModel.java", "Java", 0, 0, 0, 0, 16, 0, 0, 0, 0, 3, 6, 25
"d:\flyway\WeClean-Web\weclean-web-model\src\main\java\com\isolve\web\model\ParamedicUserAvailabiltyRequestModel.java", "Java", 0, 0, 0, 0, 16, 0, 0, 0, 0, 3, 4, 23
"d:\flyway\WeClean-Web\weclean-web-model\src\main\java\com\isolve\web\model\ParamedicUserAvailabiltyResponseModel.java", "Java", 0, 0, 0, 0, 18, 0, 0, 0, 0, 3, 8, 29
"d:\flyway\WeClean-Web\weclean-web-model\src\main\java\com\isolve\web\model\PaymentInvoiceDetails.java", "Java", 0, 0, 0, 0, 34, 0, 0, 0, 0, 3, 7, 44
"d:\flyway\WeClean-Web\weclean-web-model\src\main\java\com\isolve\web\model\PaymentInvoiceResModel.java", "Java", 0, 0, 0, 0, 26, 0, 0, 0, 0, 3, 7, 36
"d:\flyway\WeClean-Web\weclean-web-model\src\main\java\com\isolve\web\model\PaymentItemListResMod.java", "Java", 0, 0, 0, 0, 15, 0, 0, 0, 0, 3, 7, 25
"d:\flyway\WeClean-Web\weclean-web-model\src\main\java\com\isolve\web\model\PaymentRaiseCompliantModel.java", "Java", 0, 0, 0, 0, 15, 0, 0, 0, 0, 3, 8, 26
"d:\flyway\WeClean-Web\weclean-web-model\src\main\java\com\isolve\web\model\PaymentServiceDetailsResModel.java", "Java", 0, 0, 0, 0, 15, 0, 0, 0, 0, 3, 6, 24
"d:\flyway\WeClean-Web\weclean-web-model\src\main\java\com\isolve\web\model\PaymentSpecialInstructModel.java", "Java", 0, 0, 0, 0, 12, 0, 0, 0, 0, 3, 8, 23
"d:\flyway\WeClean-Web\weclean-web-model\src\main\java\com\isolve\web\model\PaymentStatusReqModel.java", "Java", 0, 0, 0, 0, 19, 0, 0, 0, 0, 3, 4, 26
"d:\flyway\WeClean-Web\weclean-web-model\src\main\java\com\isolve\web\model\PendingReportRequestModel.java", "Java", 0, 0, 0, 0, 17, 0, 0, 0, 0, 3, 7, 27
"d:\flyway\WeClean-Web\weclean-web-model\src\main\java\com\isolve\web\model\PickupDetailsByItemsReqModel.java", "Java", 0, 0, 0, 0, 16, 0, 0, 0, 0, 3, 6, 25
"d:\flyway\WeClean-Web\weclean-web-model\src\main\java\com\isolve\web\model\PickupDetailsReqModel.java", "Java", 0, 0, 0, 0, 14, 0, 0, 0, 0, 3, 5, 22
"d:\flyway\WeClean-Web\weclean-web-model\src\main\java\com\isolve\web\model\PickupRescheduleReqModel.java", "Java", 0, 0, 0, 0, 19, 0, 0, 0, 0, 3, 5, 27
"d:\flyway\WeClean-Web\weclean-web-model\src\main\java\com\isolve\web\model\PinCodeMappingModel.java", "Java", 0, 0, 0, 0, 15, 0, 0, 0, 0, 3, 6, 24
"d:\flyway\WeClean-Web\weclean-web-model\src\main\java\com\isolve\web\model\PincodeMasterReqModel.java", "Java", 0, 0, 0, 0, 13, 0, 0, 0, 0, 3, 6, 22
"d:\flyway\WeClean-Web\weclean-web-model\src\main\java\com\isolve\web\model\PincodeModel.java", "Java", 0, 0, 0, 0, 13, 0, 0, 0, 0, 3, 6, 22
"d:\flyway\WeClean-Web\weclean-web-model\src\main\java\com\isolve\web\model\PlanCode.java", "Java", 0, 0, 0, 0, 10, 0, 0, 0, 0, 0, 5, 15
"d:\flyway\WeClean-Web\weclean-web-model\src\main\java\com\isolve\web\model\PreRegistrationDetailsReqModel.java", "Java", 0, 0, 0, 0, 15, 0, 0, 0, 0, 3, 6, 24
"d:\flyway\WeClean-Web\weclean-web-model\src\main\java\com\isolve\web\model\PreRegistrationProcessRequestModel.java", "Java", 0, 0, 0, 0, 14, 0, 0, 0, 0, 3, 6, 23
"d:\flyway\WeClean-Web\weclean-web-model\src\main\java\com\isolve\web\model\PreRegistrationRequestModel.java", "Java", 0, 0, 0, 0, 58, 0, 0, 0, 0, 0, 9, 67
"d:\flyway\WeClean-Web\weclean-web-model\src\main\java\com\isolve\web\model\ProcessDetailsModel.java", "Java", 0, 0, 0, 0, 16, 0, 0, 0, 0, 3, 7, 26
"d:\flyway\WeClean-Web\weclean-web-model\src\main\java\com\isolve\web\model\ProcessRescheduleConfiguration.java", "Java", 0, 0, 0, 0, 19, 0, 0, 0, 0, 0, 3, 22
"d:\flyway\WeClean-Web\weclean-web-model\src\main\java\com\isolve\web\model\ProcessRescheduleResponseModel.java", "Java", 0, 0, 0, 0, 15, 0, 0, 0, 0, 0, 6, 21
"d:\flyway\WeClean-Web\weclean-web-model\src\main\java\com\isolve\web\model\ProcessStatusReqModel.java", "Java", 0, 0, 0, 0, 18, 0, 0, 0, 0, 3, 7, 28
"d:\flyway\WeClean-Web\weclean-web-model\src\main\java\com\isolve\web\model\ProcessStatusResModel.java", "Java", 0, 0, 0, 0, 16, 0, 0, 0, 0, 3, 5, 24
"d:\flyway\WeClean-Web\weclean-web-model\src\main\java\com\isolve\web\model\ProcessStepsByServiceIdReqModel.java", "Java", 0, 0, 0, 0, 13, 0, 0, 0, 0, 3, 8, 24
"d:\flyway\WeClean-Web\weclean-web-model\src\main\java\com\isolve\web\model\ProcessStsConfigModel.java", "Java", 0, 0, 0, 0, 19, 0, 0, 0, 0, 3, 5, 27
"d:\flyway\WeClean-Web\weclean-web-model\src\main\java\com\isolve\web\model\QRCodeServiceModel.java", "Java", 0, 0, 0, 0, 14, 0, 0, 0, 0, 3, 6, 23
"d:\flyway\WeClean-Web\weclean-web-model\src\main\java\com\isolve\web\model\QRCodeServiceModels.java", "Java", 0, 0, 0, 0, 13, 0, 0, 0, 0, 3, 6, 22
"d:\flyway\WeClean-Web\weclean-web-model\src\main\java\com\isolve\web\model\QrcodeDetailsReqModel.java", "Java", 0, 0, 0, 0, 13, 0, 0, 0, 0, 3, 6, 22
"d:\flyway\WeClean-Web\weclean-web-model\src\main\java\com\isolve\web\model\ReceiveDtailsExportReqModel.java", "Java", 0, 0, 0, 0, 13, 0, 0, 0, 0, 3, 6, 22
"d:\flyway\WeClean-Web\weclean-web-model\src\main\java\com\isolve\web\model\ReceiveItemDetailsReqModel.java", "Java", 0, 0, 0, 0, 19, 0, 0, 0, 0, 3, 8, 30
"d:\flyway\WeClean-Web\weclean-web-model\src\main\java\com\isolve\web\model\ReceiveSampleActionRequestModel.java", "Java", 0, 0, 0, 0, 11, 0, 0, 0, 0, 0, 3, 14
"d:\flyway\WeClean-Web\weclean-web-model\src\main\java\com\isolve\web\model\ReceivedItemDetails.java", "Java", 0, 0, 0, 0, 13, 0, 0, 0, 0, 3, 6, 22
"d:\flyway\WeClean-Web\weclean-web-model\src\main\java\com\isolve\web\model\ReceivedItemDetailsReqModel.java", "Java", 0, 0, 0, 0, 14, 0, 0, 0, 0, 3, 7, 24
"d:\flyway\WeClean-Web\weclean-web-model\src\main\java\com\isolve\web\model\RepeatCollectionActionRequestModel.java", "Java", 0, 0, 0, 0, 11, 0, 0, 0, 0, 0, 3, 14
"d:\flyway\WeClean-Web\weclean-web-model\src\main\java\com\isolve\web\model\RepeatCollectionActionResponseModel.java", "Java", 0, 0, 0, 0, 26, 0, 0, 0, 0, 0, 4, 30
"d:\flyway\WeClean-Web\weclean-web-model\src\main\java\com\isolve\web\model\RepeatCollectionRequestModel.java", "Java", 0, 0, 0, 0, 16, 0, 0, 0, 0, 0, 4, 20
"d:\flyway\WeClean-Web\weclean-web-model\src\main\java\com\isolve\web\model\RepeatCollectionResponseModel.java", "Java", 0, 0, 0, 0, 36, 0, 0, 0, 0, 0, 6, 42
"d:\flyway\WeClean-Web\weclean-web-model\src\main\java\com\isolve\web\model\RepeatSampleInitiateRequestModel.java", "Java", 0, 0, 0, 0, 15, 0, 0, 0, 0, 0, 4, 19
"d:\flyway\WeClean-Web\weclean-web-model\src\main\java\com\isolve\web\model\RepeatSampleInitiateUserModel.java", "Java", 0, 0, 0, 0, 13, 0, 0, 0, 0, 0, 3, 16
"d:\flyway\WeClean-Web\weclean-web-model\src\main\java\com\isolve\web\model\ReportsReqModel.java", "Java", 0, 0, 0, 0, 16, 0, 0, 0, 0, 3, 9, 28
"d:\flyway\WeClean-Web\weclean-web-model\src\main\java\com\isolve\web\model\RequestModel.java", "Java", 0, 0, 0, 0, 19, 0, 0, 0, 0, 8, 6, 33
"d:\flyway\WeClean-Web\weclean-web-model\src\main\java\com\isolve\web\model\RescheduleAndCancellationExportReqModel.java", "Java", 0, 0, 0, 0, 15, 0, 0, 0, 0, 3, 7, 25
"d:\flyway\WeClean-Web\weclean-web-model\src\main\java\com\isolve\web\model\RescheduleAndCancellationReqModel.java", "Java", 0, 0, 0, 0, 18, 0, 0, 0, 0, 3, 6, 27
"d:\flyway\WeClean-Web\weclean-web-model\src\main\java\com\isolve\web\model\ResponseModel.java", "Java", 0, 0, 0, 0, 33, 0, 0, 0, 0, 4, 12, 49
"d:\flyway\WeClean-Web\weclean-web-model\src\main\java\com\isolve\web\model\RiderCancilationReqModel.java", "Java", 0, 0, 0, 0, 15, 0, 0, 0, 0, 3, 6, 24
"d:\flyway\WeClean-Web\weclean-web-model\src\main\java\com\isolve\web\model\RiderDetailsReqModel.java", "Java", 0, 0, 0, 0, 29, 0, 0, 0, 0, 3, 5, 37
"d:\flyway\WeClean-Web\weclean-web-model\src\main\java\com\isolve\web\model\RiderInstructionReqModel.java", "Java", 0, 0, 0, 0, 12, 0, 0, 0, 0, 3, 6, 21
"d:\flyway\WeClean-Web\weclean-web-model\src\main\java\com\isolve\web\model\RiderTimeSlotAvailabilityReqModel.java", "Java", 0, 0, 0, 0, 14, 0, 0, 0, 0, 3, 7, 24
"d:\flyway\WeClean-Web\weclean-web-model\src\main\java\com\isolve\web\model\RoleActionForSpecificIDReqModel.java", "Java", 0, 0, 0, 0, 15, 0, 0, 0, 0, 3, 6, 24
"d:\flyway\WeClean-Web\weclean-web-model\src\main\java\com\isolve\web\model\RoleActionForSpecificIDResModel.java", "Java", 0, 0, 0, 0, 20, 0, 0, 0, 0, 2, 6, 28
"d:\flyway\WeClean-Web\weclean-web-model\src\main\java\com\isolve\web\model\RolePermissionReqModel.java", "Java", 0, 0, 0, 0, 14, 0, 0, 0, 0, 3, 4, 21
"d:\flyway\WeClean-Web\weclean-web-model\src\main\java\com\isolve\web\model\RoleTargetActionReqModel.java", "Java", 0, 0, 0, 0, 18, 0, 0, 0, 0, 3, 6, 27
"d:\flyway\WeClean-Web\weclean-web-model\src\main\java\com\isolve\web\model\RoleTargetsResponseModel.java", "Java", 0, 0, 0, 0, 22, 0, 0, 0, 0, 3, 7, 32
"d:\flyway\WeClean-Web\weclean-web-model\src\main\java\com\isolve\web\model\RolesResponseModel.java", "Java", 0, 0, 0, 0, 21, 0, 0, 0, 0, 3, 6, 30
"d:\flyway\WeClean-Web\weclean-web-model\src\main\java\com\isolve\web\model\RosterAgentResponseModel.java", "Java", 0, 0, 0, 0, 22, 0, 0, 0, 0, 0, 6, 28
"d:\flyway\WeClean-Web\weclean-web-model\src\main\java\com\isolve\web\model\RosterDetUserRequestModel.java", "Java", 0, 0, 0, 0, 11, 0, 0, 0, 0, 0, 3, 14
"d:\flyway\WeClean-Web\weclean-web-model\src\main\java\com\isolve\web\model\RosterDetUserResponseModel.java", "Java", 0, 0, 0, 0, 26, 0, 0, 0, 0, 0, 6, 32
"d:\flyway\WeClean-Web\weclean-web-model\src\main\java\com\isolve\web\model\RosterDetUserWithDateRequestModel.java", "Java", 0, 0, 0, 0, 16, 0, 0, 0, 0, 3, 4, 23
"d:\flyway\WeClean-Web\weclean-web-model\src\main\java\com\isolve\web\model\RosterDetUserWithDateResponseModel.java", "Java", 0, 0, 0, 0, 26, 0, 0, 0, 0, 3, 7, 36
"d:\flyway\WeClean-Web\weclean-web-model\src\main\java\com\isolve\web\model\RosterInsertUpdateRequestModel.java", "Java", 0, 0, 0, 0, 19, 0, 0, 0, 0, 0, 3, 22
"d:\flyway\WeClean-Web\weclean-web-model\src\main\java\com\isolve\web\model\RosterRosterResponseModel.java", "Java", 0, 0, 0, 0, 17, 0, 0, 0, 0, 0, 4, 21
"d:\flyway\WeClean-Web\weclean-web-model\src\main\java\com\isolve\web\model\RosterTypeResponseModel.java", "Java", 0, 0, 0, 0, 16, 0, 0, 0, 0, 0, 4, 20
"d:\flyway\WeClean-Web\weclean-web-model\src\main\java\com\isolve\web\model\SalesHospitalMappingReqModel.java", "Java", 0, 0, 0, 0, 15, 0, 0, 0, 0, 0, 9, 24
"d:\flyway\WeClean-Web\weclean-web-model\src\main\java\com\isolve\web\model\SaleshospitalMappingModel.java", "Java", 0, 0, 0, 0, 13, 0, 0, 0, 0, 0, 6, 19
"d:\flyway\WeClean-Web\weclean-web-model\src\main\java\com\isolve\web\model\SampleTypeResponseModel.java", "Java", 0, 0, 0, 0, 16, 0, 0, 0, 0, 0, 4, 20
"d:\flyway\WeClean-Web\weclean-web-model\src\main\java\com\isolve\web\model\ServiceItemMappingReqModel.java", "Java", 0, 0, 0, 0, 21, 0, 0, 0, 0, 3, 8, 32
"d:\flyway\WeClean-Web\weclean-web-model\src\main\java\com\isolve\web\model\ServiceItemMasterNewReqModel.java", "Java", 0, 0, 0, 0, 21, 0, 0, 0, 0, 3, 6, 30
"d:\flyway\WeClean-Web\weclean-web-model\src\main\java\com\isolve\web\model\ServiceStepsMapppingReqModel.java", "Java", 0, 0, 0, 0, 20, 0, 0, 0, 0, 0, 5, 25
"d:\flyway\WeClean-Web\weclean-web-model\src\main\java\com\isolve\web\model\SlotReqModel.java", "Java", 0, 0, 0, 0, 15, 0, 0, 0, 0, 3, 7, 25
"d:\flyway\WeClean-Web\weclean-web-model\src\main\java\com\isolve\web\model\SocietyDetailsReqModel.java", "Java", 0, 0, 0, 0, 16, 0, 0, 0, 0, 3, 6, 25
"d:\flyway\WeClean-Web\weclean-web-model\src\main\java\com\isolve\web\model\SocietyReqModel.java", "Java", 0, 0, 0, 0, 25, 0, 0, 0, 0, 3, 7, 35
"d:\flyway\WeClean-Web\weclean-web-model\src\main\java\com\isolve\web\model\StainMasterNewReqModel.java", "Java", 0, 0, 0, 0, 22, 0, 0, 0, 0, 3, 6, 31
"d:\flyway\WeClean-Web\weclean-web-model\src\main\java\com\isolve\web\model\Staindetails.java", "Java", 0, 0, 0, 0, 21, 0, 0, 0, 0, 2, 7, 30
"d:\flyway\WeClean-Web\weclean-web-model\src\main\java\com\isolve\web\model\StepsMasterNewRequestModel.java", "Java", 0, 0, 0, 0, 24, 0, 0, 0, 0, 3, 6, 33
"d:\flyway\WeClean-Web\weclean-web-model\src\main\java\com\isolve\web\model\TemplateDetailsReqModel.java", "Java", 0, 0, 0, 0, 17, 0, 0, 0, 0, 3, 7, 27
"d:\flyway\WeClean-Web\weclean-web-model\src\main\java\com\isolve\web\model\TestProductMappingReqModel.java", "Java", 0, 0, 0, 0, 26, 0, 0, 0, 0, 3, 5, 34
"d:\flyway\WeClean-Web\weclean-web-model\src\main\java\com\isolve\web\model\TimeSlotReqModel.java", "Java", 0, 0, 0, 0, 21, 0, 0, 0, 0, 3, 11, 35
"d:\flyway\WeClean-Web\weclean-web-model\src\main\java\com\isolve\web\model\TrackRiderDetailsReqModel.java", "Java", 0, 0, 0, 0, 17, 0, 0, 0, 0, 3, 6, 26
"d:\flyway\WeClean-Web\weclean-web-model\src\main\java\com\isolve\web\model\TransferTypeResponseModel.java", "Java", 0, 0, 0, 0, 19, 0, 0, 0, 0, 3, 7, 29
"d:\flyway\WeClean-Web\weclean-web-model\src\main\java\com\isolve\web\model\UpdateBioDiaAssignRequestModel.java", "Java", 0, 0, 0, 0, 19, 0, 0, 0, 0, 0, 5, 24
"d:\flyway\WeClean-Web\weclean-web-model\src\main\java\com\isolve\web\model\UpdateBioDiaAssignResponseModel.java", "Java", 0, 0, 0, 0, 43, 0, 0, 0, 0, 0, 5, 48
"d:\flyway\WeClean-Web\weclean-web-model\src\main\java\com\isolve\web\model\UpdateBioReceiveRequestModel.java", "Java", 0, 0, 0, 0, 15, 0, 0, 0, 0, 0, 5, 20
"d:\flyway\WeClean-Web\weclean-web-model\src\main\java\com\isolve\web\model\UpdateBioReceiveUserModel.java", "Java", 0, 0, 0, 0, 12, 0, 0, 0, 0, 0, 3, 15
"d:\flyway\WeClean-Web\weclean-web-model\src\main\java\com\isolve\web\model\UpdateSocietyReqModel.java", "Java", 0, 0, 0, 0, 12, 0, 0, 0, 0, 3, 6, 21
"d:\flyway\WeClean-Web\weclean-web-model\src\main\java\com\isolve\web\model\UpdateUserApproveRejectRequestModel.java", "Java", 0, 0, 0, 0, 15, 0, 0, 0, 0, 0, 3, 18
"d:\flyway\WeClean-Web\weclean-web-model\src\main\java\com\isolve\web\model\UpdateWalletConfigurationReqModel.java", "Java", 0, 0, 0, 0, 12, 0, 0, 0, 0, 3, 6, 21
"d:\flyway\WeClean-Web\weclean-web-model\src\main\java\com\isolve\web\model\UserManagementResModel.java", "Java", 0, 0, 0, 0, 15, 0, 0, 0, 0, 3, 6, 24
"d:\flyway\WeClean-Web\weclean-web-model\src\main\java\com\isolve\web\model\UserManagementResponseModel.java", "Java", 0, 0, 0, 0, 43, 0, 0, 0, 0, 3, 7, 53
"d:\flyway\WeClean-Web\weclean-web-model\src\main\java\com\isolve\web\model\UserPendingApprovalRequestModel.java", "Java", 0, 0, 0, 0, 13, 0, 0, 0, 0, 2, 6, 21
"d:\flyway\WeClean-Web\weclean-web-model\src\main\java\com\isolve\web\model\UserPendingApprovalResponseModel.java", "Java", 0, 0, 0, 0, 42, 0, 0, 0, 0, 0, 5, 47
"d:\flyway\WeClean-Web\weclean-web-model\src\main\java\com\isolve\web\model\UserPickUpScheduleRequestModel.java", "Java", 0, 0, 0, 0, 15, 0, 0, 0, 0, 3, 5, 23
"d:\flyway\WeClean-Web\weclean-web-model\src\main\java\com\isolve\web\model\VendorDetailsMasterReqModel.java", "Java", 0, 0, 0, 0, 54, 0, 0, 0, 0, 3, 6, 63
"d:\flyway\WeClean-Web\weclean-web-model\src\main\java\com\isolve\web\model\VendorVisitTimeMappingReqModel.java", "Java", 0, 0, 0, 0, 22, 0, 0, 0, 0, 11, 14, 47
"d:\flyway\WeClean-Web\weclean-web-model\src\main\java\com\isolve\web\model\VendorVisitTimeReqModel.java", "Java", 0, 0, 0, 0, 12, 0, 0, 0, 0, 3, 7, 22
"d:\flyway\WeClean-Web\weclean-web-model\src\main\java\com\isolve\web\model\VisitTimeModel.java", "Java", 0, 0, 0, 0, 15, 0, 0, 0, 0, 3, 6, 24
"d:\flyway\WeClean-Web\weclean-web-model\src\main\java\com\isolve\web\model\VisitTimeReqModel.java", "Java", 0, 0, 0, 0, 19, 0, 0, 0, 0, 3, 4, 26
"d:\flyway\WeClean-Web\weclean-web-model\src\main\java\com\isolve\web\model\WalletConfigurationReqModel.java", "Java", 0, 0, 0, 0, 17, 0, 0, 0, 0, 3, 6, 26
"d:\flyway\WeClean-Web\weclean-web-model\src\main\java\com\isolve\web\model\WalletInvoiceResModel.java", "Java", 0, 0, 0, 0, 16, 0, 0, 0, 0, 3, 6, 25
"d:\flyway\WeClean-Web\weclean-web-model\src\main\java\com\isolve\web\model\WebDashBoardDetails.java", "Java", 0, 0, 0, 0, 19, 0, 0, 0, 0, 3, 5, 27
"d:\flyway\WeClean-Web\weclean-web-model\src\main\java\com\isolve\web\model\WebDelierySlotsModel.java", "Java", 0, 0, 0, 0, 16, 0, 0, 0, 0, 3, 7, 26
"d:\flyway\WeClean-Web\weclean-web-model\src\main\java\com\isolve\web\model\WebDelierySlotsResModel.java", "Java", 0, 0, 0, 0, 17, 0, 0, 0, 0, 3, 7, 27
"d:\flyway\WeClean-Web\weclean-web-model\src\main\java\com\isolve\web\model\WebDelierySlotsRiderModel.java", "Java", 0, 0, 0, 0, 13, 0, 0, 0, 0, 3, 7, 23
"d:\flyway\WeClean-Web\weclean-web-model\src\main\java\com\isolve\web\model\WecleanInvoiceResModel.java", "Java", 0, 0, 0, 0, 21, 0, 0, 0, 0, 3, 6, 30
"d:\flyway\WeClean-Web\weclean-web-model\src\main\java\com\isolve\web\repository\IBioBankRepository.java", "Java", 0, 0, 0, 0, 8, 0, 0, 0, 0, 0, 5, 13
"d:\flyway\WeClean-Web\weclean-web-model\src\main\java\com\isolve\web\repository\IBioDiaAssignRepository.java", "Java", 0, 0, 0, 0, 23, 0, 0, 0, 0, 0, 11, 34
"d:\flyway\WeClean-Web\weclean-web-model\src\main\java\com\isolve\web\repository\IBioReceiveRepository.java", "Java", 0, 0, 0, 0, 8, 0, 0, 0, 0, 0, 4, 12
"d:\flyway\WeClean-Web\weclean-web-model\src\main\java\com\isolve\web\repository\ILabTransferRepository.java", "Java", 0, 0, 0, 0, 17, 0, 0, 0, 0, 0, 18, 35
"d:\flyway\WeClean-Web\weclean-web-model\src\main\java\com\isolve\web\repository\IMasterRepository.java", "Java", 0, 0, 0, 0, 262, 0, 0, 0, 0, 0, 208, 470
"d:\flyway\WeClean-Web\weclean-web-model\src\main\java\com\isolve\web\repository\IOrderRepository.java", "Java", 0, 0, 0, 0, 76, 0, 0, 0, 0, 0, 9, 85
"d:\flyway\WeClean-Web\weclean-web-model\src\main\java\com\isolve\web\repository\IPreRegistrationRepository.java", "Java", 0, 0, 0, 0, 11, 0, 0, 0, 0, 0, 8, 19
"d:\flyway\WeClean-Web\weclean-web-model\src\main\java\com\isolve\web\repository\IReceiveSampleActionRepository.java", "Java", 0, 0, 0, 0, 6, 0, 0, 0, 0, 0, 6, 12
"d:\flyway\WeClean-Web\weclean-web-model\src\main\java\com\isolve\web\repository\IRepeatCollectionActionRespository.java", "Java", 0, 0, 0, 0, 8, 0, 0, 0, 0, 0, 4, 12
"d:\flyway\WeClean-Web\weclean-web-model\src\main\java\com\isolve\web\repository\IRepeatCollectionRepository.java", "Java", 0, 0, 0, 0, 9, 0, 0, 0, 0, 0, 4, 13
"d:\flyway\WeClean-Web\weclean-web-model\src\main\java\com\isolve\web\repository\IRepeatSampleInitiateRepository.java", "Java", 0, 0, 0, 0, 9, 0, 0, 0, 0, 0, 4, 13
"d:\flyway\WeClean-Web\weclean-web-model\src\main\java\com\isolve\web\repository\IReportRepository.java", "Java", 0, 0, 0, 0, 20, 0, 0, 0, 0, 0, 21, 41
"d:\flyway\WeClean-Web\weclean-web-model\src\main\java\com\isolve\web\repository\IRoleManagementRepository.java", "Java", 0, 0, 0, 0, 14, 0, 0, 0, 0, 0, 9, 23
"d:\flyway\WeClean-Web\weclean-web-model\src\main\java\com\isolve\web\repository\IRosterParamedicRepository.java", "Java", 0, 0, 0, 0, 16, 0, 0, 0, 0, 0, 12, 28
"d:\flyway\WeClean-Web\weclean-web-model\src\main\java\com\isolve\web\repository\IUserApproveRejectRepository.java", "Java", 0, 0, 0, 0, 8, 0, 0, 0, 0, 0, 6, 14
"d:\flyway\WeClean-Web\weclean-web-model\src\main\java\com\isolve\web\repository\IUserManagementRepository.java", "Java", 0, 0, 0, 0, 8, 0, 0, 0, 0, 0, 10, 18
"d:\flyway\WeClean-Web\weclean-web-model\src\main\java\com\isolve\web\repository\IUserPendingApprovalRepository.java", "Java", 0, 0, 0, 0, 7, 0, 0, 0, 0, 0, 5, 12
"d:\flyway\WeClean-Web\weclean-web-model\src\main\java\com\isolve\web\repository\IValidateTokenRepository.java", "Java", 0, 0, 0, 0, 5, 0, 0, 0, 0, 0, 5, 10
"d:\flyway\WeClean-Web\weclean-web-model\src\main\java\com\isolve\web\service\IBioBankService.java", "Java", 0, 0, 0, 0, 7, 0, 0, 0, 0, 0, 3, 10
"d:\flyway\WeClean-Web\weclean-web-model\src\main\java\com\isolve\web\service\IBioDiaAssignService.java", "Java", 0, 0, 0, 0, 14, 0, 0, 0, 0, 0, 10, 24
"d:\flyway\WeClean-Web\weclean-web-model\src\main\java\com\isolve\web\service\IBioReceiveService.java", "Java", 0, 0, 0, 0, 6, 0, 0, 0, 0, 0, 5, 11
"d:\flyway\WeClean-Web\weclean-web-model\src\main\java\com\isolve\web\service\ILabTransferService.java", "Java", 0, 0, 0, 0, 12, 0, 0, 0, 0, 0, 17, 29
"d:\flyway\WeClean-Web\weclean-web-model\src\main\java\com\isolve\web\service\IMasterSevice.java", "Java", 0, 0, 0, 0, 186, 0, 0, 0, 0, 0, 191, 377
"d:\flyway\WeClean-Web\weclean-web-model\src\main\java\com\isolve\web\service\IOrderSevice.java", "Java", 0, 0, 0, 0, 11, 0, 0, 0, 0, 0, 11, 22
"d:\flyway\WeClean-Web\weclean-web-model\src\main\java\com\isolve\web\service\IPreRegistrationDetailsService.java", "Java", 0, 0, 0, 0, 8, 0, 0, 0, 0, 0, 8, 16
"d:\flyway\WeClean-Web\weclean-web-model\src\main\java\com\isolve\web\service\IReceiveSampleActionService.java", "Java", 0, 0, 0, 0, 7, 0, 0, 0, 0, 0, 3, 10
"d:\flyway\WeClean-Web\weclean-web-model\src\main\java\com\isolve\web\service\IRepeatCollectionActionService.java", "Java", 0, 0, 0, 0, 6, 0, 0, 0, 0, 0, 5, 11
"d:\flyway\WeClean-Web\weclean-web-model\src\main\java\com\isolve\web\service\IRepeatCollectionService.java", "Java", 0, 0, 0, 0, 7, 0, 0, 0, 0, 0, 3, 10
"d:\flyway\WeClean-Web\weclean-web-model\src\main\java\com\isolve\web\service\IRepeatSampleInitiateService.java", "Java", 0, 0, 0, 0, 7, 0, 0, 0, 0, 0, 3, 10
"d:\flyway\WeClean-Web\weclean-web-model\src\main\java\com\isolve\web\service\IReportService.java", "Java", 0, 0, 0, 0, 16, 0, 0, 0, 0, 0, 15, 31
"d:\flyway\WeClean-Web\weclean-web-model\src\main\java\com\isolve\web\service\IRoleManagementService.java", "Java", 0, 0, 0, 0, 11, 0, 0, 0, 0, 0, 11, 22
"d:\flyway\WeClean-Web\weclean-web-model\src\main\java\com\isolve\web\service\IRosterParamedicService.java", "Java", 0, 0, 0, 0, 13, 0, 0, 0, 0, 0, 11, 24
"d:\flyway\WeClean-Web\weclean-web-model\src\main\java\com\isolve\web\service\IUserApproveRejectService.java", "Java", 0, 0, 0, 0, 6, 0, 0, 0, 0, 0, 5, 11
"d:\flyway\WeClean-Web\weclean-web-model\src\main\java\com\isolve\web\service\IUserManagementService.java", "Java", 0, 0, 0, 0, 6, 0, 0, 0, 0, 0, 7, 13
"d:\flyway\WeClean-Web\weclean-web-model\src\main\java\com\isolve\web\service\IUserPendingApprovalService.java", "Java", 0, 0, 0, 0, 6, 0, 0, 0, 0, 0, 5, 11
"d:\flyway\WeClean-Web\weclean-web-model\src\main\java\com\isolve\web\service\IValidateTokenService.java", "Java", 0, 0, 0, 0, 5, 0, 0, 0, 0, 0, 5, 10
"d:\flyway\WeClean-Web\weclean-web-model\src\main\java\com\isolve\web\utils\CommonConstants.java", "Java", 0, 0, 0, 0, 612, 0, 0, 0, 0, 243, 286, 1141
"d:\flyway\WeClean-Web\weclean-web-model\src\main\java\com\isolve\web\utils\MyObject.java", "Java", 0, 0, 0, 0, 24, 0, 0, 0, 0, 7, 9, 40
"d:\flyway\WeClean-Web\weclean-web-model\src\main\java\com\isolve\web\utils\Utils.java", "Java", 0, 0, 0, 0, 602, 0, 0, 0, 0, 140, 100, 842
"d:\flyway\WeClean-Web\weclean-web-model\target\maven-archiver\pom.properties", "Java Properties", 3, 0, 0, 0, 0, 0, 0, 0, 0, 0, 1, 4
"d:\flyway\WeClean-Web\weclean-web-repository\pom.xml", "XML", 0, 0, 0, 16, 0, 0, 0, 0, 0, 0, 1, 17
"d:\flyway\WeClean-Web\weclean-web-repository\src\main\java\com\isolve\web\repository\BioBankRepositoryImpl.java", "Java", 0, 0, 0, 0, 47, 0, 0, 0, 0, 0, 10, 57
"d:\flyway\WeClean-Web\weclean-web-repository\src\main\java\com\isolve\web\repository\BioDiaAssignRepositoryImpl.java", "Java", 0, 0, 0, 0, 401, 0, 0, 0, 0, 6, 50, 457
"d:\flyway\WeClean-Web\weclean-web-repository\src\main\java\com\isolve\web\repository\BioReceiveRepositoryImpl.java", "Java", 0, 0, 0, 0, 60, 0, 0, 0, 0, 2, 12, 74
"d:\flyway\WeClean-Web\weclean-web-repository\src\main\java\com\isolve\web\repository\LabTransferRepositoryImpl.java", "Java", 0, 0, 0, 0, 269, 0, 0, 0, 0, 5, 31, 305
"d:\flyway\WeClean-Web\weclean-web-repository\src\main\java\com\isolve\web\repository\MasterRepositoryImpl.java", "Java", 0, 0, 0, 0, 11774, 0, 0, 0, 0, 499, 1191, 13464
"d:\flyway\WeClean-Web\weclean-web-repository\src\main\java\com\isolve\web\repository\OrderRepositoryImpl.java", "Java", 0, 0, 0, 0, 206, 0, 0, 0, 0, 6, 50, 262
"d:\flyway\WeClean-Web\weclean-web-repository\src\main\java\com\isolve\web\repository\PreRegistrationRepositoryImpl.java", "Java", 0, 0, 0, 0, 279, 0, 0, 0, 0, 4, 32, 315
"d:\flyway\WeClean-Web\weclean-web-repository\src\main\java\com\isolve\web\repository\ReceiveSampleActionRepositoryImpl.java", "Java", 0, 0, 0, 0, 64, 0, 0, 0, 0, 1, 13, 78
"d:\flyway\WeClean-Web\weclean-web-repository\src\main\java\com\isolve\web\repository\RepeatCollectionActionRespositoryImpl.java", "Java", 0, 0, 0, 0, 38, 0, 0, 0, 0, 0, 9, 47
"d:\flyway\WeClean-Web\weclean-web-repository\src\main\java\com\isolve\web\repository\RepeatCollectionRepositoryImpl.java", "Java", 0, 0, 0, 0, 47, 0, 0, 0, 0, 1, 12, 60
"d:\flyway\WeClean-Web\weclean-web-repository\src\main\java\com\isolve\web\repository\RepeatSampleInitiateRepositoryImpl.java", "Java", 0, 0, 0, 0, 58, 0, 0, 0, 0, 3, 10, 71
"d:\flyway\WeClean-Web\weclean-web-repository\src\main\java\com\isolve\web\repository\ReportRepositoryImpl.java", "Java", 0, 0, 0, 0, 516, 0, 0, 0, 0, 13, 73, 602
"d:\flyway\WeClean-Web\weclean-web-repository\src\main\java\com\isolve\web\repository\RoleManagementRepositoryImpl.java", "Java", 0, 0, 0, 0, 260, 0, 0, 0, 0, 8, 36, 304
"d:\flyway\WeClean-Web\weclean-web-repository\src\main\java\com\isolve\web\repository\RosterParamedicRepositoryImpl.java", "Java", 0, 0, 0, 0, 229, 0, 0, 0, 0, 1, 35, 265
"d:\flyway\WeClean-Web\weclean-web-repository\src\main\java\com\isolve\web\repository\UserApproveRejectRepositoryImpl.java", "Java", 0, 0, 0, 0, 45, 0, 0, 0, 0, 0, 9, 54
"d:\flyway\WeClean-Web\weclean-web-repository\src\main\java\com\isolve\web\repository\UserManagementRepositoryImpl.java", "Java", 0, 0, 0, 0, 68, 0, 0, 0, 0, 1, 13, 82
"d:\flyway\WeClean-Web\weclean-web-repository\src\main\java\com\isolve\web\repository\UserPendingApprovalRepositoryImpl.java", "Java", 0, 0, 0, 0, 41, 0, 0, 0, 0, 4, 9, 54
"d:\flyway\WeClean-Web\weclean-web-repository\src\main\java\com\isolve\web\repository\ValidateTokenRepository.java", "Java", 0, 0, 0, 0, 34, 0, 0, 0, 0, 2, 10, 46
"d:\flyway\WeClean-Web\weclean-web-repository\target\maven-archiver\pom.properties", "Java Properties", 3, 0, 0, 0, 0, 0, 0, 0, 0, 0, 1, 4
"d:\flyway\WeClean-Web\weclean-web-service\pom.xml", "XML", 0, 0, 0, 54, 0, 0, 0, 0, 0, 1, 1, 56
"d:\flyway\WeClean-Web\weclean-web-service\src\main\java\com\isolve\web\service\BioBankServiceImpl.java", "Java", 0, 0, 0, 0, 52, 0, 0, 0, 0, 1, 15, 68
"d:\flyway\WeClean-Web\weclean-web-service\src\main\java\com\isolve\web\service\BioDiaAssignServiceImpl.java", "Java", 0, 0, 0, 0, 212, 0, 0, 0, 0, 8, 30, 250
"d:\flyway\WeClean-Web\weclean-web-service\src\main\java\com\isolve\web\service\BioReceiveServiceImpl.java", "Java", 0, 0, 0, 0, 50, 0, 0, 0, 0, 1, 10, 61
"d:\flyway\WeClean-Web\weclean-web-service\src\main\java\com\isolve\web\service\LabTransferServiceImpl.java", "Java", 0, 0, 0, 0, 185, 0, 0, 0, 0, 1, 28, 214
"d:\flyway\WeClean-Web\weclean-web-service\src\main\java\com\isolve\web\service\MasterServiceImpl.java", "Java", 0, 0, 0, 0, 4792, 0, 0, 0, 0, 19, 445, 5256
"d:\flyway\WeClean-Web\weclean-web-service\src\main\java\com\isolve\web\service\MasterServiceImpl.java.rej", "Diff", 0, 0, 0, 0, 0, 0, 18, 0, 0, 0, 1, 19
"d:\flyway\WeClean-Web\weclean-web-service\src\main\java\com\isolve\web\service\OrderServiceImpl.java", "Java", 0, 0, 0, 0, 223, 0, 0, 0, 0, 2, 37, 262
"d:\flyway\WeClean-Web\weclean-web-service\src\main\java\com\isolve\web\service\PreRegistrationServiceImpl.java", "Java", 0, 0, 0, 0, 91, 0, 0, 0, 0, 0, 38, 129
"d:\flyway\WeClean-Web\weclean-web-service\src\main\java\com\isolve\web\service\ReceiveSampleActionServiceImpl.java", "Java", 0, 0, 0, 0, 51, 0, 0, 0, 0, 0, 10, 61
"d:\flyway\WeClean-Web\weclean-web-service\src\main\java\com\isolve\web\service\RepeatCollectionActionServiceImpl.java", "Java", 0, 0, 0, 0, 54, 0, 0, 0, 0, 0, 11, 65
"d:\flyway\WeClean-Web\weclean-web-service\src\main\java\com\isolve\web\service\RepeatCollectionServiceImpl.java", "Java", 0, 0, 0, 0, 54, 0, 0, 0, 0, 0, 14, 68
"d:\flyway\WeClean-Web\weclean-web-service\src\main\java\com\isolve\web\service\RepeatSampleInitiateServiceImpl.java", "Java", 0, 0, 0, 0, 50, 0, 0, 0, 0, 0, 12, 62
"d:\flyway\WeClean-Web\weclean-web-service\src\main\java\com\isolve\web\service\ReportServiceImpl.java", "Java", 0, 0, 0, 0, 283, 0, 0, 0, 0, 3, 55, 341
"d:\flyway\WeClean-Web\weclean-web-service\src\main\java\com\isolve\web\service\RoleManagementServiceImpl.java", "Java", 0, 0, 0, 0, 165, 0, 0, 0, 0, 0, 17, 182
"d:\flyway\WeClean-Web\weclean-web-service\src\main\java\com\isolve\web\service\RosterParamedicServiceImpl.java", "Java", 0, 0, 0, 0, 179, 0, 0, 0, 0, 0, 24, 203
"d:\flyway\WeClean-Web\weclean-web-service\src\main\java\com\isolve\web\service\UserApproveRejectServiceImpl.java", "Java", 0, 0, 0, 0, 52, 0, 0, 0, 0, 0, 14, 66
"d:\flyway\WeClean-Web\weclean-web-service\src\main\java\com\isolve\web\service\UserManagementServiceImpl.java", "Java", 0, 0, 0, 0, 51, 0, 0, 0, 0, 0, 14, 65
"d:\flyway\WeClean-Web\weclean-web-service\src\main\java\com\isolve\web\service\UserPendingApprovalServiceImpl.java", "Java", 0, 0, 0, 0, 53, 0, 0, 0, 0, 0, 12, 65
"d:\flyway\WeClean-Web\weclean-web-service\src\main\java\com\isolve\web\service\ValidateTokenServiceImpl.java", "Java", 0, 0, 0, 0, 25, 0, 0, 0, 0, 0, 8, 33
"d:\flyway\WeClean-Web\weclean-web-service\src\main\resources\application-dev.yml", "YAML", 0, 42, 0, 0, 0, 0, 0, 0, 0, 0, 2, 44
"d:\flyway\WeClean-Web\weclean-web-service\src\main\resources\application-dev_phase2.yml", "YAML", 0, 25, 0, 0, 0, 0, 0, 0, 0, 0, 2, 27
"d:\flyway\WeClean-Web\weclean-web-service\src\main\resources\application-prod.yml", "YAML", 0, 25, 0, 0, 0, 0, 0, 0, 0, 0, 0, 25
"d:\flyway\WeClean-Web\weclean-web-service\src\main\resources\application-uat.yml", "YAML", 0, 25, 0, 0, 0, 0, 0, 0, 0, 0, 1, 26
"d:\flyway\WeClean-Web\weclean-web-service\src\main\resources\application.yml", "YAML", 0, 12, 0, 0, 0, 0, 0, 0, 0, 0, 1, 13
"d:\flyway\WeClean-Web\weclean-web-service\src\main\resources\templates\ordersummary.html", "HTML", 0, 0, 133, 0, 0, 0, 0, 0, 0, 28, 10, 171
"d:\flyway\WeClean-Web\weclean-web-service\target\maven-archiver\pom.properties", "Java Properties", 3, 0, 0, 0, 0, 0, 0, 0, 0, 0, 1, 4
"Total", "-", 15, 637, 133, 362, 30525, 452, 18, 16, 15215, 1854, 6074, 55301