{
	"swagger": "2.0",
	"info": {
		"description": "Weclean API documentation",
		"title": "Atlas API",
		"version": "1.0.0"
	},
	"host": "atlas-api.endpoints.aispot-dev.cloud.goog",
	"x-google-endpoints": [{
		"name": "atlas-api.endpoints.aispot-dev.cloud.goog",
		"allowCors": "true"
	}],
	"basePath": "/",
	"consumes": [
		"application/json"
	],
	"produces": [
		"application/json"
	],
	"tags": [{
			"name": "audience-meta-controller",
			"description": "Audience Meta Controller"
		}
	],
	"paths": {	 
		"/atlas/audiences": {
			"get": {
				"tags": [
					"audience-controller"
				],
				"summary": "Fetches a list of audiences for a client.",
				"operationId": "getClientAudiencesUsingGET",
				"consumes": [
					"application/json"
				],
				"produces": [
					"*/*"
				],
				"parameters": [{
						"name": "clientId",
						"in": "query",
						"description": "Client id (uuid style)",
						"required": true,
						"type": "string"
					},
					{
						"name": "name",
						"in": "query",
						"description": "Name",
						"required": false,
						"type": "string"
					},
					{
						"name": "page",
						"in": "query",
						"description": "Results page you want to retrieve (0..N)",
						"required": false,
						"type": "string"
					},
					{
						"name": "size",
						"in": "query",
						"description": "Number of records per page.",
						"required": false,
						"type": "string"
					},
					{
						"name": "sort",
						"in": "query",
						"description": "Sorting criteria in the format: property(asc|desc). Default sort order is ascending. Multiple sort criteria are supported.",
						"required": false,
						"type": "array",
						"items": {
							"type": "string"
						},
						"collectionFormat": "multi"
					}
				],
				"responses": {
					"200": {
						"description": "OK",
						"schema": {
							"type": "array",
							"items": {
								"$ref": "#/definitions/Audience"
							}
						}
					},
					"400": {
						"description": "Bad/invalid input data.",
						"schema": {
							"$ref": "#/definitions/ApiError"
						}
					},
					"401": {
						"description": "Access credentials were not provided.",
						"schema": {
							"$ref": "#/definitions/ApiError"
						}
					},
					"403": {
						"description": "Access denied.",
						"schema": {
							"$ref": "#/definitions/ApiError"
						}
					},
					"404": {
						"description": "Requested entity not found.",
						"schema": {
							"$ref": "#/definitions/ApiError"
						}
					},
					"500": {
						"description": "Internal server error.",
						"schema": {
							"$ref": "#/definitions/ApiError"
						}
					},
					"503": {
						"description": "Service unavailable.",
						"schema": {
							"$ref": "#/definitions/ApiError"
						}
					}
				},
				"security": [{
					"firebase": []
				}]
			},
			"post": {
				"tags": [
					"audience-controller"
				],
				"summary": "Creates a new audience.",
				"description": "Creates a new audience. Because of the current limitations of Swagger UI the body parameters include not only the top level Audience type but also all possible subtypes of AudienceMatcher and its field types. The audienceId should not be set because it is generated by the server.",
				"operationId": "createAudienceUsingPOST",
				"consumes": [
					"application/json"
				],
				"produces": [
					"*/*"
				],
				"parameters": [{
						"in": "body",
						"name": "audienceDTO",
						"description": "audienceDTO",
						"required": true,
						"schema": {
							"$ref": "#/definitions/Audience"
						}
					},
					{
						"in": "body",
						"name": "ProfileFieldMatcher",
						"required": false,
						"schema": {
							"$ref": "#/definitions/ProfileFieldMatcher"
						}
					},
					{
						"in": "body",
						"name": "AudienceAndMatcher",
						"required": false,
						"schema": {
							"$ref": "#/definitions/AudienceAndMatcher"
						}
					},
					{
						"in": "body",
						"name": "AudienceOrMatcher",
						"required": false,
						"schema": {
							"$ref": "#/definitions/AudienceOrMatcher"
						}
					},
					{
						"in": "body",
						"name": "CompareProfileFieldRule",
						"required": false,
						"schema": {
							"$ref": "#/definitions/CompareProfileFieldRule"
						}
					},
					{
						"in": "body",
						"name": "CompareAgeProfileFieldRule",
						"required": false,
						"schema": {
							"$ref": "#/definitions/CompareAgeProfileFieldRule"
						}
					}
				],
				"responses": {
					"200": {
						"description": "OK",
						"schema": {
							"type": "string"
						}
					},
					"201": {
						"description": "A new audience was created.",
						"schema": {
							"type": "string"
						},
						"headers": {
							"Location": {
								"type": "string",
								"description": "Address of the created audience."
							}
						}
					},
					"400": {
						"description": "Bad/invalid input data.",
						"schema": {
							"$ref": "#/definitions/ApiError"
						}
					},
					"401": {
						"description": "Access credentials were not provided.",
						"schema": {
							"$ref": "#/definitions/ApiError"
						}
					},
					"403": {
						"description": "Access denied.",
						"schema": {
							"$ref": "#/definitions/ApiError"
						}
					},
					"404": {
						"description": "Requested entity not found.",
						"schema": {
							"$ref": "#/definitions/ApiError"
						}
					},
					"500": {
						"description": "Internal server error.",
						"schema": {
							"$ref": "#/definitions/ApiError"
						}
					},
					"503": {
						"description": "Service unavailable.",
						"schema": {
							"$ref": "#/definitions/ApiError"
						}
					}
				},
				"security": [{
					"firebase": []
				}]
			}
		},
		"/atlas/audiences/{id}": {
			"get": {
				"tags": [
					"audience-controller"
				],
				"summary": "Fetches a single audience.",
				"operationId": "getAudienceUsingGET",
				"consumes": [
					"application/json"
				],
				"produces": [
					"*/*"
				],
				"parameters": [{
					"name": "id",
					"in": "path",
					"description": "Audience id (uuid style)",
					"required": true,
					"type": "string"
				}],
				"responses": {
					"200": {
						"description": "OK",
						"schema": {
							"$ref": "#/definitions/Audience"
						}
					},
					"400": {
						"description": "Bad/invalid input data.",
						"schema": {
							"$ref": "#/definitions/ApiError"
						}
					},
					"401": {
						"description": "Access credentials were not provided.",
						"schema": {
							"$ref": "#/definitions/ApiError"
						}
					},
					"403": {
						"description": "Access denied.",
						"schema": {
							"$ref": "#/definitions/ApiError"
						}
					},
					"404": {
						"description": "Requested entity not found.",
						"schema": {
							"$ref": "#/definitions/ApiError"
						}
					},
					"500": {
						"description": "Internal server error.",
						"schema": {
							"$ref": "#/definitions/ApiError"
						}
					},
					"503": {
						"description": "Service unavailable.",
						"schema": {
							"$ref": "#/definitions/ApiError"
						}
					}
				},
				"security": [{
					"firebase": []
				}]
			},
			"put": {
				"tags": [
					"audience-controller"
				],
				"summary": "Updates an existing audience.",
				"operationId": "updateAudienceUsingPUT",
				"consumes": [
					"application/json"
				],
				"produces": [
					"*/*"
				],
				"parameters": [{
						"name": "id",
						"in": "path",
						"description": "Audience id (uuid style)",
						"required": true,
						"type": "string"
					},
					{
						"in": "body",
						"name": "audienceDTO",
						"description": "audienceDTO",
						"required": true,
						"schema": {
							"$ref": "#/definitions/Audience"
						}
					},
					{
						"in": "body",
						"name": "ProfileFieldMatcher",
						"required": false,
						"schema": {
							"$ref": "#/definitions/ProfileFieldMatcher"
						}
					}
				],
				"responses": {
					"200": {
						"description": "OK",
						"schema": {
							"type": "string"
						}
					},
					"400": {
						"description": "Bad/invalid input data.",
						"schema": {
							"$ref": "#/definitions/ApiError"
						}
					},
					"401": {
						"description": "Access credentials were not provided.",
						"schema": {
							"$ref": "#/definitions/ApiError"
						}
					},
					"403": {
						"description": "Access denied.",
						"schema": {
							"$ref": "#/definitions/ApiError"
						}
					},
					"404": {
						"description": "Requested entity not found.",
						"schema": {
							"$ref": "#/definitions/ApiError"
						}
					},
					"500": {
						"description": "Internal server error.",
						"schema": {
							"$ref": "#/definitions/ApiError"
						}
					},
					"503": {
						"description": "Service unavailable.",
						"schema": {
							"$ref": "#/definitions/ApiError"
						}
					}
				},
				"security": [{
					"firebase": []
				}]
			},
			"delete": {
				"tags": [
					"audience-controller"
				],
				"summary": "Removes an existing audience.",
				"description": "Removes an existing audience and returns the id of the audience that was deleted.",
				"operationId": "deleteAudienceUsingDELETE",
				"consumes": [
					"application/json"
				],
				"produces": [
					"*/*"
				],
				"parameters": [{
					"name": "id",
					"in": "path",
					"description": "Audience id (uuid style)",
					"required": true,
					"type": "string"
				}],
				"responses": {
					"200": {
						"description": "OK",
						"schema": {
							"type": "string"
						}
					},
					"400": {
						"description": "Bad/invalid input data.",
						"schema": {
							"$ref": "#/definitions/ApiError"
						}
					},
					"401": {
						"description": "Access credentials were not provided.",
						"schema": {
							"$ref": "#/definitions/ApiError"
						}
					},
					"403": {
						"description": "Access denied.",
						"schema": {
							"$ref": "#/definitions/ApiError"
						}
					},
					"404": {
						"description": "Requested entity not found.",
						"schema": {
							"$ref": "#/definitions/ApiError"
						}
					},
					"500": {
						"description": "Internal server error.",
						"schema": {
							"$ref": "#/definitions/ApiError"
						}
					},
					"503": {
						"description": "Service unavailable.",
						"schema": {
							"$ref": "#/definitions/ApiError"
						}
					}
				},
				"security": [{
					"firebase": []
				}]
			}
		},
	  
		"/atlas/categoryNew/categories/{id}/{status}": {
			"delete": {
				"tags": [
					"categoryNew-controller"
				],
				"summary": "delete categoriesNew.",
				"operationId": "deleteCategoriesNewUsingDELETE",
				"consumes": [
					"application/json"
				],
				"produces": [
					"*/*"
				],
				"parameters": [{
						"name": "id",
						"in": "path",
						"description": "category id (uuid style)",
						"required": true,
						"type": "string"
					},
					{
						"name": "status",
						"in": "path",
						"description": "active/deactive status",
						"required": true,
						"type": "boolean"
					}
				],
				"responses": {
					"200": {
						"description": "OK",
						"schema": {
							"type": "array"
						}
					},
					"400": {
						"description": "Bad/invalid input data.",
						"schema": {
							"$ref": "#/definitions/ApiError"
						}
					},
					"401": {
						"description": "Access credentials were not provided.",
						"schema": {
							"$ref": "#/definitions/ApiError"
						}
					},
					"403": {
						"description": "Access denied.",
						"schema": {
							"$ref": "#/definitions/ApiError"
						}
					},
					"404": {
						"description": "Requested entity not found.",
						"schema": {
							"$ref": "#/definitions/ApiError"
						}
					},
					"500": {
						"description": "Internal server error.",
						"schema": {
							"$ref": "#/definitions/ApiError"
						}
					},
					"503": {
						"description": "Service unavailable.",
						"schema": {
							"$ref": "#/definitions/ApiError"
						}
					}
				},
				"security": [{
					"firebase": []
				}]
			}
		},  
		"/atlas/categoryNew/updateDefaultLanguage": {
			"put": {
				"tags": [
					"categoryNew-controller"
				],
				"summary": "update default language.",
				"operationId": "updateDefaultLanguageUsingPUT",
				"consumes": [
					"application/json"
				],
				"produces": [
					"*/*"
				],
				"parameters": [],
				"responses": {
					"200": {
						"description": "OK",
						"schema": {
							"type": "string"
						}
					},
					"400": {
						"description": "Bad/invalid input data.",
						"schema": {
							"$ref": "#/definitions/ApiError"
						}
					},
					"401": {
						"description": "Access credentials were not provided.",
						"schema": {
							"$ref": "#/definitions/ApiError"
						}
					},
					"403": {
						"description": "Access denied.",
						"schema": {
							"$ref": "#/definitions/ApiError"
						}
					},
					"404": {
						"description": "Requested entity not found.",
						"schema": {
							"$ref": "#/definitions/ApiError"
						}
					},
					"500": {
						"description": "Internal server error.",
						"schema": {
							"$ref": "#/definitions/ApiError"
						}
					},
					"503": {
						"description": "Service unavailable.",
						"schema": {
							"$ref": "#/definitions/ApiError"
						}
					}
				},
				"security": [{
					"firebase": []
				}]
			}
		},	 
		"/atlas/categoryNew/getParentCategory": {
			"post": {
				"tags": [
					"categoryNew-controller"
				],
				"summary": "get Parent Category.",
				"operationId": "getParentCategoryUsingGET",
				"consumes": [
					"application/json"
				],
				"produces": [
					"*/*"
				],
				"parameters": [{
					"in": "body",
					"name": "categoryNewDTO",
					"description": "categoryNew",
					"required": true,
					"schema": {
						"$ref": "#/definitions/categoryNewEdit"
					}
				}],
				"responses": {
					"200": {
						"description": "OK",
						"schema": {
							"type": "object"
						}
					},
					"400": {
						"description": "Bad/invalid input data.",
						"schema": {
							"$ref": "#/definitions/ApiError"
						}
					},
					"401": {
						"description": "Access credentials were not provided.",
						"schema": {
							"$ref": "#/definitions/ApiError"
						}
					},
					"403": {
						"description": "Access denied.",
						"schema": {
							"$ref": "#/definitions/ApiError"
						}
					},
					"404": {
						"description": "Requested entity not found.",
						"schema": {
							"$ref": "#/definitions/ApiError"
						}
					},
					"500": {
						"description": "Internal server error.",
						"schema": {
							"$ref": "#/definitions/ApiError"
						}
					},
					"503": {
						"description": "Service unavailable.",
						"schema": {
							"$ref": "#/definitions/ApiError"
						}
					}
				},
				"security": [{
					"firebase": []
				}]
			}
		}
		 
	},
	"definitions": {
		"Category": {
			"type": "object",
			"properties": {
				"id": {
					"type": "string"
				},
				"name": {
					"type": "string"
				},
				"subCategories": {
					"type": "array",
					"items": {
						"$ref": "#/definitions/Category"
					}
				}
			}
		},
		"CategoryNew": {
			"type": "string",
			"properties": {
				"id": {
					"type": "string"
				},
				"value": {
					"type": "string"
				},
				"children": {
					"type": "array",
					"items": {
						"$ref": "#/definitions/CategoryNew"
					}
				}
			}
		}, 
		"ApiError": {
			"type": "object",
			"required": [
				"error"
			],
			"properties": {
				"description": {
					"type": "string",
					"description": "Detailed error description"
				},
				"error": {
					"type": "string",
					"description": "Error message"
				}
			},
			"description": "API error response"
		} 
	},
	"securityDefinitions": {
		"firebase": {
			"authorizationUrl": "",
			"flow": "implicit",
			"type": "oauth2",
			"x-google-issuer": "https://securetoken.google.com/aispot-dev",
			"x-google-jwks_uri": "https://www.googleapis.com/service_accounts/v1/metadata/x509/securetoken@system.gserviceaccount.com",
			"x-google-audiences": "aispot-dev"
		}
	}
}